name,C1SP1,C2SP1,C1SP2,C2SP2,C3SP2,C1SP3,C2SP3,C3SP3,C4SP3,HybRatio,FCSP3
CN1C(=S)S\\C(=C\\c2cc(C)c(s2)-c2ccc(s2)-c2sc(cc2C)-c2cc3c4nsnc4c(cc3c3nsnc23)-c2cc(C)c(s2)-c2ccc(s2)-c2sc(cc2C)-c2cc3c(-c4ccc(C)s4)c4sc(cc4c(-c4ccc(C)s4)c3s2)-c2cc(C)c(s2)-c2ccc(s2)-c2sc(cc2C)-c2cc3c4nsnc4c(cc3c3nsnc23)-c2cc(C)c(s2)-c2ccc(s2)-c2sc(\\C=C3\\SC(=S)N(C)C3=O)cc2C)C1=O,0,0,2,70,20,10,0,0,0,0.11320754716981132,0.11320754716981132
CN1C(=S)S\\C(=C/c2cc(C)c(s2)-c2ccc(s2)-c2sc(cc2C)-c2cc3c(-c4cc(F)c(C)s4)c4sc(cc4c(-c4cc(F)c(C)s4)c3s2)-c2cc(C)c(s2)-c2ccc(s2)-c2sc(\\C=C3/SC(=S)N(C)C3=O)cc2C)C1=O,0,0,2,38,8,6,0,0,0,0.13793103448275862,0.13793103448275862
CSc1ccc(s1)-c1c2cc(sc2c(-c2ccc(SC)s2)c2cc(sc12)-c1cc(C)c(s1)-c1ccc(s1)-c1sc(cc1C)-c1cc2c3nsnc3c(cc2c2nsnc12)-c1cc(C)c(s1)-c1ccc(s1)-c1sc(\\C=C2/SC(=S)N(C)C2=O)cc1C)-c1cc(C)c(s1)-c1ccc(s1)-c1sc(cc1C)-c1cc2c3nsnc3c(cc2c2nsnc12)-c1cc(C)c(s1)-c1ccc(s1)-c1sc(\\C=C2/SC(=S)N(C)C2=O)cc1C,0,0,4,68,20,8,0,0,0,0.11320754716981132,0.11320754716981132
CN1C(=S)S\\C(=C/c2cc(C)c(s2)-c2ccc(s2)-c2sc(cc2C)-c2cc3c(-c4ccc(C)s4)c4sc(cc4c(-c4ccc(C)s4)c3s2)-c2cc(C)c(s2)-c2ccc(s2)-c2sc(\\C=C3/SC(=S)N(C)C3=O)cc2C)C1=O,0,0,2,38,8,6,0,0,0,0.13793103448275862,0.13793103448275862
CSc1ccc(s1)-c1c2cc(sc2c(-c2ccc(SC)s2)c2cc(sc12)-c1cc(C)c(s1)-c1ccc(s1)-c1sc(\\C=C2/SC(=S)N(C)C2=O)cc1C)-c1cc(C)c(s1)-c1ccc(s1)-c1sc(\\C=C2/SC(=S)N(C)C2=O)cc1C,0,0,4,36,8,4,0,0,0,0.13793103448275862,0.13793103448275862
Cc1ccc(s1)-c1ccc(s1)-c1c(F)c(F)c(-c2ccc([se]2)-c2cc3c(s2)-c2cc4c(cc2C3(C)C)-c2sc(cc2C4(C)C)-c2ccc(s2)-c2c(F)c(F)c(-c3ccc(s3)-c3cc4c(s3)-c3cc5c(cc3C4(C)C)-c3sc(cc3C5(C)C)-c3ccc([se]3)-c3c(F)c(F)c(-c4ccc(s4)-c4ccc(C)s4)c4nsnc34)c3nsnc23)c2nsnc12,0,0,0,60,18,10,0,0,4,0.15217391304347827,0.15217391304347827
Cc1ccc(s1)-c1ccc(s1)-c1c(F)c(F)c(-c2ccc(s2)-c2cc3c(s2)-c2cc4c(cc2C3(C)C)-c2sc(cc2C4(C)C)-c2ccc(s2)-c2c(F)c(F)c(-c3ccc(s3)-c3cc4c(s3)-c3cc5c(cc3C4(C)C)-c3sc(cc3C5(C)C)-c3ccc(s3)-c3c(F)c(F)c(-c4ccc(s4)-c4ccc(C)s4)c4nsnc34)c3nsnc23)c2nsnc12,0,0,0,60,18,10,0,0,4,0.15217391304347827,0.15217391304347827
CN1C(=S)S\\C(=C/c2ccc(s2)-c2sc(cc2C)-c2sc(cc2C)-c2cc3c(-c4cc(C)c(C)s4)c4sc(cc4c(-c4cc(C)c(C)s4)c3s2)-c2cc(C)c(s2)-c2cc(C)c(s2)-c2ccc(\\C=C3/SC(=S)N(C)C3=O)s2)C1=O,0,0,2,36,10,8,0,0,0,0.16666666666666666,0.16666666666666666
Cc1ccc(s1)-c1ccc(s1)-c1c(F)c(F)c(-c2ccc([se]2)-c2cc3c(s2)-c2cc4c(cc2C3(C)C)-c2sc(cc2C4(C)C)-c2ccc([se]2)-c2c(F)c(F)c(-c3ccc([se]3)-c3cc4c(s3)-c3cc5c(cc3C4(C)C)-c3sc(cc3C5(C)C)-c3ccc([se]3)-c3c(F)c(F)c(-c4ccc(s4)-c4ccc(C)s4)c4nsnc34)c3nn(C)nc23)c2nsnc12,0,0,0,60,18,10,0,0,4,0.16129032258064516,0.16129032258064516
Cc1ccc(s1)-c1ccc(s1)-c1c(F)c(F)c(-c2ccc(s2)-c2cc3c(s2)-c2cc4c(cc2C3(C)C)-c2sc(cc2C4(C)C)-c2ccc(s2)-c2c(F)c(F)c(-c3ccc(s3)-c3ccc(C)s3)c3nsnc23)c2nsnc12,0,0,0,40,10,6,0,0,2,0.13793103448275862,0.13793103448275862
CN1C(=S)S\\C(=C/c2cc(C)c(s2)-c2ccc(s2)-c2sc(cc2C)-c2cc3c(-c4cc5sc(C)cc5s4)c4sc(cc4c(-c4cc5sc(C)cc5s4)c3s2)-c2cc(C)c(s2)-c2ccc(s2)-c2sc(\\C=C3/SC(=S)N(C)C3=O)cc2C)C1=O,0,0,2,42,8,6,0,0,0,0.12903225806451613,0.12903225806451613
COc1c2cc(sc2c(OC)c2cc(sc12)-c1sc(\\C=C2/SC(=S)N(C)C2=O)c2sc(C)cc12)-c1sc(\\C=C2/SC(=S)N(C)C2=O)c2sc(C)cc12,0,0,2,22,4,2,0,0,0,0.16666666666666666,0.16666666666666666
Cc1ccc(s1)-c1ccc(s1)-c1c(F)c(F)c(-c2ccc(s2)-c2cc3c(s2)-c2cc4c(cc2C3(C)C)-c2sc(cc2C4(C)C)-c2ccc(s2)-c2c(F)c(F)c(-c3ccc(s3)-c3ccc(C)s3)c3nsnc23)c2nsnc12,0,0,0,40,10,6,0,0,2,0.13793103448275862,0.13793103448275862
Cc1ccc(s1)-c1ccc(s1)-c1c(F)c(F)c(-c2ccc([se]2)-c2cc3c(s2)-c2cc4c(cc2C3(C)C)-c2sc(cc2C4(C)C)-c2ccc([se]2)-c2c(F)c(F)c(-c3ccc(s3)-c3ccc(C)s3)c3nsnc23)c2nsnc12,0,0,0,40,10,6,0,0,2,0.13793103448275862,0.13793103448275862
CN1C(=S)S\\C(=C\\c2cc(C)c(s2)-c2ccc(s2)-c2sc(cc2C)-c2cc3c(-c4ccc(C)s4)c4sc(cc4c(-c4ccc(C)s4)c3s2)-c2cc3c(-c4ccc(C)s4)c4sc(cc4c(-c4ccc(C)s4)c3s2)-c2cc(C)c(s2)-c2ccc(s2)-c2sc(\\C=C3\\SC(=S)N(C)C3=O)cc2C)C1=O,0,0,2,52,12,8,0,0,0,0.1282051282051282,0.1282051282051282
CN1C(=S)S\\C(=C/c2cc(C)c(s2)-c2ccc(s2)-c2sc(cc2C)-c2cc3c(-c4ccc(C)s4)c4sc(cc4c(-c4ccc(C)s4)c3s2)-c2cc(C)c(s2)-c2ccc(s2)-c2sc(\\C=C3/SC(=S)N(C)C3=O)cc2C)C1=O,0,0,2,38,8,6,0,0,0,0.13793103448275862,0.13793103448275862
CN1C(=S)S\\C(=C\\c2cc(C)c(s2)-c2ccc(s2)-c2sc(cc2C)-c2cc3c(-c4ccc(C)s4)c4sc(cc4c(-c4ccc(C)s4)c3s2)-c2cc3c(-c4ccc(C)s4)c4sc(cc4c(-c4ccc(C)s4)c3s2)-c2cc(C)c(s2)-c2ccc(s2)-c2sc(\\C=C3\\SC(=S)N(C)C3=O)cc2C)C1=O,0,0,2,52,12,8,0,0,0,0.1282051282051282,0.1282051282051282
CN1C(=O)S\\C(=C/c2sc(-c3cc4sc5c(-c6ccc(C)s6)c6c(sc7cc(sc67)-c6sc(\\C=C7/SC(=O)N(C)C7=S)c7cc(C)sc67)c(-c6ccc(C)s6)c5c4s3)c3sc(C)cc23)C1=S,0,0,2,32,6,4,0,0,0,0.125,0.125
Cc1cc(\\C=c2/sc(=C(C#N)C#N)n(C)c2=O)sc1-c1cc(C)c(s1)-c1cc(C)c(s1)-c1cc2sc(cc2s1)-c1sc(cc1C)-c1sc(cc1C)-c1sc(\\C=c2/sc(=C(C#N)C#N)n(C)c2=O)cc1C,4,0,4,28,8,6,0,0,0,0.16666666666666666,0.15384615384615385
CSc1cc2sc(cc2s1)-c1c2cc(sc2c(-c2cc3sc(SC)cc3s2)c2cc(sc12)-c1cc(C)c(s1)-c1ccc(s1)-c1sc(\\C=C2/SC(=S)N(C)C2=O)cc1C)-c1cc(C)c(s1)-c1ccc(s1)-c1sc(\\C=C2/SC(=S)N(C)C2=O)cc1C,0,0,4,40,8,4,0,0,0,0.12903225806451613,0.12903225806451613
COc1c2cc(sc2c(OC)c2cc(sc12)-c1c(F)c(F)c(-c2cc3n(C)c4cc(C)sc4c3s2)c2nsnc12)-c1c(F)c(F)c(-c2cc3n(C)c4cc(C)sc4c3s2)c2nsnc12,0,0,0,32,6,2,0,0,0,0.13636363636363635,0.13636363636363635
COc1c2cc(sc2c(C)c2cc(sc12)-c1cc(C)c(s1)-c1ccc(s1)-c1sc(\\C=C2/SC(=S)N(C)C2=O)cc1C)-c1cc(C)c(s1)-c1ccc(s1)-c1sc(\\C=C2/SC(=S)N(C)C2=O)cc1C,0,0,2,31,7,5,0,0,0,0.16,0.16
Cc1ccc(s1)-c1c2ccsc2c(-c2ccc(C)s2)c2cc(sc12)-c1c(F)c(F)c(-c2cc3c(-c4ccc(C)s4)c4sc(cc4c(-c4ccc(C)s4)c3s2)-c2c(F)c(F)c(-c3cc4c(-c5ccc(C)s5)c5sccc5c(-c5ccc(C)s5)c4s3)c3nsnc23)c2nsnc12,0,0,2,48,16,6,0,0,0,0.08333333333333333,0.08333333333333333
CN1C(=S)S\\C(=C/c2cc(C)c(s2)-c2ccc(s2)-c2sc(cc2C)-c2cc3c(-c4ccc(C)s4)c4sc(cc4c(-c4ccc(C)s4)c3s2)-c2cc(C)c(s2)-c2ccc(s2)-c2sc(\\C=C3/SC(=S)N(C)C3=O)cc2C)C1=O,0,0,2,38,8,6,0,0,0,0.13793103448275862,0.13793103448275862
COC(=O)C(=C\\c1ccc(s1)-c1cc(C)c(s1)-c1cc(C)c(s1)-c1cc2c(-c3ccc(C)s3)c3sc(cc3c(-c3ccc(C)s3)c2s1)-c1sc(cc1C)-c1sc(cc1C)-c1ccc(\\C=C(/C#N)C(=O)OC)s1)\\C#N,2,0,2,36,10,6,0,0,0,0.14285714285714285,0.13793103448275862
CN1C(=S)S\\C(=C\\c2ccc(s2)-c2sc(cc2C)-c2sc(cc2C)-c2cc3c(cc4c5sc(cc5c(cc4c3s2)-c2ccc(C)s2)-c2cc(C)c(s2)-c2cc(C)c(s2)-c2ccc(\\C=C3\\SC(=S)N(C)C3=O)s2)-c2ccc(C)s2)C1=O,0,0,2,40,10,6,0,0,0,0.12903225806451613,0.12903225806451613
Cc1ccc(s1)-c1ccc(s1)-c1cnc(-c2cc3c(s2)-c2sc(cc2[Si]3(C)C)-c2cc3c(-c4ccc(C)s4)c4sc(cc4c(-c4ccc(C)s4)c3s2)-c2cc3c(s2)-c2sc(cc2[Si]3(C)C)-c2ncc(-c3ccc(s3)-c3ccc(C)s3)c3nsnc23)c2nsnc12,0,0,2,52,6,4,0,0,0,0.11764705882352941,0.11764705882352941
CN1C(=S)S\\C(=C/c2cc(C)c(s2)-c2ccc(s2)-c2sc(cc2C)-c2cc3c(-c4ccc(s4)-c4ccc(C)s4)c4sc(cc4c(-c4ccc(s4)-c4ccc(C)s4)c3s2)-c2cc(C)c(s2)-c2ccc(s2)-c2sc(\\C=C3/SC(=S)N(C)C3=O)cc2C)C1=O,0,0,2,46,8,6,0,0,0,0.12121212121212122,0.12121212121212122
COC(=O)c1nc2c(-c3ccc(s3)-c3ccc(C)s3)c(F)c(F)c(-c3cc4c(-c5cc(C)c(C)s5)c5sc(cc5c(-c5cc(C)c(C)s5)c4s3)-c3c(F)c(F)c(-c4ccc(s4)-c4ccc(C)s4)c4nc(C(=O)OC)c(nc34)C(=O)OC)c2nc1C(=O)OC,0,0,4,40,10,6,0,0,0,0.15625,0.15625
Cc1cc(\\C=c2\\sc(=C(C#N)C#N)n(C)c2=O)sc1-c1cc(C)c(s1)-c1cc(C)c(s1)-c1cc(C)c(s1)-c1ccc(s1)-c1sc(cc1C)-c1sc(cc1C)-c1sc(cc1C)-c1sc(\\C=c2\\sc(=C(C#N)C#N)n(C)c2=O)cc1C,4,0,4,32,10,8,0,0,0,0.17857142857142858,0.16666666666666666
CN1C(=O)S\\C(=C/c2sc(-c3cc4c(-c5ccc(C)s5)c5sc(cc5c(-c5ccc(C)s5)c4s3)-c3sc(\\C=C4/SC(=O)N(C)C4=S)c4cc(C)sc34)c3sc(C)cc23)C1=S,0,0,2,28,6,4,0,0,0,0.13636363636363635,0.13636363636363635
CN1C(=S)S\\C(=C/c2cc(C)c(s2)-c2cc3sc(cc3s2)-c2sc(cc2C)-c2cc3c(-c4cc(C)c(C)s4)c4sc(cc4c(-c4cc(C)c(C)s4)c3s2)-c2cc(C)c(s2)-c2cc3sc(cc3s2)-c2sc(\\C=C3/SC(=S)N(C)C3=O)cc2C)C1=O,0,0,2,40,10,8,0,0,0,0.15625,0.15625
Cc1cc(\\C=c2/sc(=C(C#N)C#N)n(C)c2=O)sc1-c1cc(C)c(s1)-c1cc(C)c(s1)-c1ccc(s1)-c1sc(cc1C)-c1sc(cc1C)-c1sc(\\C=c2/sc(=C(C#N)C#N)n(C)c2=O)cc1C,4,0,4,26,8,6,0,0,0,0.17391304347826086,0.16
CN1C(=S)S\\C(=C/c2sc(-c3cc4c(C)c5sc(cc5c(C)c4s3)-c3sc(\\C=C4/SC(=S)N(C)C4=O)c4sc(C)cc34)c3cc(C)sc23)C1=O,0,0,2,20,6,4,0,0,0,0.16666666666666666,0.16666666666666666
CN1c2ccc(cc2Oc2cc(ccc12)-c1ccc(-c2sc(C=C(C#N)C#N)cc2C)c2nsnc12)-c1ccc(-c2sc(C=C(C#N)C#N)cc2C)c2nsnc12,4,0,0,26,10,2,0,0,0,0.07692307692307693,0.06976744186046512
COc1c2cc(sc2c(OC)c2cc(sc12)-c1ccc2N(C)c3ccc(C=C4C(=O)c5ccccc5C4=O)cc3Sc2c1)-c1ccc2N(C)c3ccc(C=C4C(=O)c5ccccc5C4=O)cc3Sc2c1,0,0,0,42,12,0,0,0,0,0.06896551724137931,0.06896551724137931
CN1C(=S)S\\C(=C/c2cc(C)c(s2)-c2ccc(s2)-c2sc(-c3sc(-c4sc(-c5ccc(s5)-c5sc(\\C=C6/SC(=S)N(C)C6=O)cc5C)c5cc(C)sc45)c4C(=O)N(C)C(=O)c34)c3sc(C)cc23)C1=O,0,0,4,30,6,4,0,0,0,0.14285714285714285,0.14285714285714285
Cc1ccc(s1)-c1ccc(s1)-c1cnc(-c2cc3c(s2)-c2sc(cc2[Si]3(C)C)-c2c(F)cc(-c3cc4c(s3)-c3sc(cc3[Si]4(C)C)-c3cc(F)c(-c4cc5c(s4)-c4sc(cc4[Si]5(C)C)-c4ncc(-c5ccc(s5)-c5ccc(C)s5)c5nsnc45)c4nsnc34)c3nsnc23)c2nsnc12,0,0,2,54,6,2,0,0,0,0.11428571428571428,0.11428571428571428
CN1c2ccc(cc2Sc2cc(ccc12)C([C](c1ccc(cc1)[C](C#N)C#N)c1ccc(cc1)N(c1ccccc1)c1ccccc1)=C(C#N)C#N)C#Cc1ccc(cc1)N(c1ccccc1)c1ccccc1,4,2,0,48,8,0,0,2,0,0.05084745762711865,0.015384615384615385
CN1C(=S)S\\C(=C/c2cc(C)c(s2)-c2ccc(s2)-c2sc(cc2C)-c2cc3c(-c4ccc(C)s4)c4sc(cc4c(-c4ccc(C)s4)c3s2)-c2cc(C)c(s2)-c2ccc(s2)-c2sc(\\C=C3/SC(=S)N(C)C3=O)cc2C)C1=O,0,0,2,38,8,6,0,0,0,0.13793103448275862,0.13793103448275862
Cn1c(-c2ccc(s2)-c2cc3ccc4cccc5ccc(c2)c3c45)c2c(c(-c3ccc(s3)-c3cc(F)c(cc3F)-c3ccc(s3)-c3n(C)c(=O)c4c(-c5ccc(s5)-c5cc6ccc7cccc8ccc(c5)c6c78)n(C)c(=O)c34)n(C)c2=O)c1=O,0,0,4,42,20,0,0,0,0,0.05714285714285714,0.05714285714285714
Cc1ccc(s1)-c1ccc(s1)-c1cnc(-c2cc3c(s2)-c2sc(cc2[Si]3(C)C)-c2nc3c(-c4ccc(C)s4)c4sc(nc4c(-c4ccc(C)s4)c3s2)-c2cc3c(s2)-c2sc(cc2[Si]3(C)C)-c2ncc(-c3ccc(s3)-c3ccc(C)s3)c3nsnc23)c2nsnc12,0,0,4,50,4,4,0,0,0,0.12121212121212122,0.12121212121212122
COc1c2cc(sc2c(OC)c2cc(sc12)-c1cc(C)c(s1)-c1ccc(s1)-c1sc(\\C=C2/SC(=S)N(C)C2=O)cc1C)-c1cc(C)c(s1)-c1ccc(s1)-c1sc(\\C=C2/SC(=S)N(C)C2=O)cc1C,0,0,2,32,6,4,0,0,0,0.16,0.16
CN1c2ccc(C=C3C(=O)c4ccccc4C3=O)cc2Sc2cc(ccc12)-c1ccc(cc1)N(c1ccccc1)c1ccccc1,0,0,0,34,6,0,0,0,0,0.024390243902439025,0.024390243902439025
COC(=O)C(=C\\c1cc(C)c(s1)-c1ccc(s1)-c1sc(cc1C)-c1cc2c(cc3c4sc(cc4c(cc3c2s1)-c1ccc(C)cc1)-c1cc(C)c(s1)-c1ccc(s1)-c1sc(\\C=C(/C#N)C(=O)OC)cc1C)-c1ccc(C)cc1)\\C#N,2,0,2,38,16,6,0,0,0,0.125,0.12121212121212122
CN1C(=S)S\\C(=C\\c2cc(C)c(s2)-c2ccc(s2)-c2sc(cc2C)-c2cc(F)c(s2)-c2sc(cc2F)-c2cc(C)c(s2)-c2ccc(s2)-c2sc(\\C=C3\\SC(=S)N(C)C3=O)cc2C)C1=O,0,0,2,32,4,4,0,0,0,0.13043478260869565,0.13043478260869565
CN1C(=S)S\\C(=C/c2cc(C)c(s2)-c2ccc(s2)-c2sc(cc2C)-c2cc3c(-c4ccc(C)s4)c4sc(cc4c(-c4ccc(C)s4)c3s2)-c2cc3c(-c4ccc(C)s4)c4sc(cc4c(-c4ccc(C)s4)c3s2)-c2cc3c(-c4ccc(C)s4)c4sc(cc4c(-c4ccc(C)s4)c3s2)-c2cc(C)c(s2)-c2ccc(s2)-c2sc(\\C=C3/SC(=S)N(C)C3=O)cc2C)C1=O,0,0,2,66,16,10,0,0,0,0.12244897959183673,0.12244897959183673
Cc1ccc(s1)-c1ccc(s1)-c1c(F)c(F)c(-c2ccc(s2)-c2cc3c(s2)-c2cc4c(cc2C3(C)C)-c2sc(cc2C4(C)C)-c2ccc(s2)-c2cnc(s2)-c2n(C)c(=O)c3c(-c4ncc(s4)-c4ccc(s4)-c4cc5c(s4)-c4cc6c(cc4C5(C)C)-c4sc(cc4C6(C)C)-c4ccc(s4)-c4c(F)c(F)c(-c5ccc(s5)-c5ccc(C)s5)c5nsnc45)n(C)c(=O)c23)c2nsnc12,0,0,6,60,18,10,0,0,4,0.16,0.16
Cc1ccc(s1)-c1ccc(s1)-c1c(F)c(F)c(-c2cc3c(s2)-c2sc(cc2[Si]3(C)C)-c2c(F)c(F)c(-c3ccc(s3)-c3ccc(C)s3)c3nsnc23)c2nsnc12,0,0,0,32,4,2,0,0,0,0.1,0.1
Cc1ccc(s1)-c1ccc(s1)-c1c(F)c(F)c(-c2ccc(s2)-c2cc3c(s2)-c2cc4c(cc2C3(C)C)-c2sc(cc2C4(C)C)-c2ccc([se]2)-c2c(F)c(F)c(-c3ccc([se]3)-c3cc4c(s3)-c3cc5c(cc3C4(C)C)-c3sc(cc3C5(C)C)-c3ccc(s3)-c3c(F)c(F)c(-c4ccc(s4)-c4ccc(C)s4)c4nsnc34)c3nsnc23)c2nsnc12,0,0,0,60,18,10,0,0,4,0.15217391304347827,0.15217391304347827
CN1\\C(=C\\[C]2C(=O)[C](C2=O)c2c(O)cc(cc2O)N2[C@H]3CCC[C@@H]3c3cc(ccc23)C#N)C(C)(C)c2cc(ccc12)-c1cc2sc3-c4cc5c(cc4C(c3c2s1)(c1ccc(C)cc1)c1ccc(C)cc1)-c1sc2cc(sc2c1C5(c1ccc(C)cc1)c1ccc(C)cc1)-c1ccc2N(C)\\C(=C\\[C]3C(=O)[C](C3=O)c3c(O)cc(cc3O)N3[C@H]4CCC[C@H]4c4cc(ccc34)C#N)C(C)(C)c2c1,2,0,0,62,24,8,8,6,4,0.24561403508771928,0.20689655172413793
Cc1ccc(s1)-c1c2cc(sc2c(-c2ccc(C)s2)c2cc(sc12)-c1sc(cc1C)-c1cc(C)c(C=C2C(=O)c3ccccc3C2=O)s1)-c1sc(cc1C)-c1cc(C)c(C=C2C(=O)c3ccccc3C2=O)s1,0,0,0,40,14,6,0,0,0,0.1,0.1
CN1c2ccc(cc2Oc2cc(ccc12)-c1ccc(s1)-c1sc(C=C(C#N)C#N)cc1C)-c1ccc(s1)-c1sc(C=C(C#N)C#N)cc1C,4,0,0,26,6,2,0,0,0,0.08571428571428572,0.07692307692307693
Cc1cc(\\C=c2\\sc(=C(C#N)C#N)n(C)c2=O)sc1-c1cc(C)c(s1)-c1cc2sc(cc2s1)-c1sc(cc1C)-c1sc(\\C=c2\\sc(=C(C#N)C#N)n(C)c2=O)cc1C,4,0,4,22,6,4,0,0,0,0.15789473684210525,0.14285714285714285
Cc1ccc(s1)-c1ccc(s1)-c1cnc(-c2cc3c(s2)-c2sc(cc2[Si]3(C)C)-c2ncc(-c3ccc(s3)-c3ccc(C)s3)c3nsnc23)c2nsnc12,0,0,2,30,2,2,0,0,0,0.10526315789473684,0.10526315789473684
Cc1cc(C=C2C(=O)c3ccccc3C2=O)sc1-c1ccc(s1)-c1sc(cc1C)-c1cc2c(s1)-c1sc(cc1C21c2cc(ccc2-c2ccc(cc12)C(C)(C)C)C(C)(C)C)-c1cc(C)c(s1)-c1ccc(s1)-c1sc(C=C2C(=O)c3ccccc3C2=O)cc1C,0,0,0,46,18,10,0,0,3,0.16883116883116883,0.16883116883116883
Cc1ccc(s1)-c1ccc(s1)-c1c(F)c(F)c(-c2ccc(s2)-c2cc3c(s2)-c2cc4c(cc2C3(C)C)-c2sc(cc2C4(C)C)-c2ccc(s2)-c2c(F)c(F)c(-c3ccc(s3)-c3cc4c(s3)-c3cc5c(cc3C4(C)C)-c3sc(cc3C5(C)C)-c3ccc(s3)-c3c(F)c(F)c(-c4ccc(s4)-c4cc5c(s4)-c4cc6c(cc4C5(C)C)-c4sc(cc4C6(C)C)-c4ccc(s4)-c4c(F)c(F)c(-c5ccc(s5)-c5ccc(C)s5)c5nsnc45)c4nsnc34)c3nsnc23)c2nsnc12,0,0,0,80,26,14,0,0,6,0.15873015873015872,0.15873015873015872
Cn1c(=O)c2cccc3c(ccc(c23)c1=O)C#Cc1ccc(C#Cc2ccc(cc2)N(c2ccccc2)c2ccccc2)c2nsnc12,0,4,2,26,8,0,0,0,0,0.02702702702702703,0.024390243902439025
COc1cc(-c2ccc(s2)-c2sc(cc2C)-c2sc(\\C=C3\\SC(=S)N(C)C3=O)cc2C)c(OC)cc1-c1ccc(s1)-c1sc(cc1C)-c1sc(\\C=C2\\SC(=S)N(C)C2=O)cc1C,0,0,2,28,6,4,0,0,0,0.17391304347826086,0.17391304347826086
Cc1ccc(s1)-c1ccc(s1)-c1cc(F)c(-c2cc3c(s2)-c2sc(cc2[Si]3(C)C)-c2c(F)c(F)c(-c3ccc(s3)-c3ccc(C)s3)c3nsnc23)c2nsnc12,0,0,0,32,4,2,0,0,0,0.1,0.1
Cn1c(-c2cccs2)c2c(c(-c3ccc(s3)-c3cc4OC(C)(C)c5cc(sc5-c4s3)-c3ccc(s3)-c3n(C)c(=O)c4c(-c5cccs5)n(C)c(=O)c34)n(C)c2=O)c1=O,0,0,6,25,5,2,0,1,0,0.16279069767441862,0.16279069767441862
Cc1ccc(s1)-c1sc(cc1C)-c1sc(cc1C)-c1nnc(nn1)-c1cc(C)c(s1)-c1cc(C)c(s1)-c1cc2c(-c3ccc(C)s3)c3sc(cc3c(-c3ccc(C)s3)c2s1)-c1sc(cc1C)-c1sc(cc1C)-c1nnc(nn1)-c1cc(C)c(s1)-c1cc(C)c(s1)-c1ccc(C)s1,0,0,4,46,12,12,0,0,0,0.16216216216216217,0.16216216216216217
CN1C(=S)S\\C(=C/c2cc3n(C)c4cc(sc4c3s2)-c2cc3n(C)c4cc(sc4c3s2)-c2cc3n(C)c4cc(\\C=C5/SC(=S)N(C)C5=O)sc4c3s2)C1=O,0,0,2,28,0,0,0,0,0,0.13513513513513514,0.13513513513513514
Cc1ccc(s1)-c1ccc(s1)-c1cc(F)c(-c2cc3c(s2)-c2cc4c(cc2[Si]3(C)C)-c2sc(cc2[Si]4(C)C)-c2c(F)cc(-c3ccc(s3)-c3ccc(C)s3)c3nsnc23)c2nsnc12,0,0,0,36,6,2,0,0,0,0.125,0.125
Cc1ccc(s1)-c1ccc(s1)-c1ccc(s1)-c1cc(F)c(-c2cc3sc4-c5cc6c(cc5C(c4c3s2)(c2ccc(C)cc2)c2ccc(C)cc2)-c2sc3cc(sc3c2C6(c2ccc(C)cc2)c2ccc(C)cc2)-c2c(F)cc(-c3ccc(s3)-c3ccc(s3)-c3ccc(C)s3)c3nsnc23)c2nsnc12,0,0,0,60,18,6,0,0,2,0.09302325581395349,0.09302325581395349
CSc1c2cc(sc2c(SC)c2cc(sc12)-c1cc(C)c(s1)-c1ccc(s1)-c1sc(\\C=C2/SC(=S)N(C)C2=O)cc1C)-c1cc(C)c(s1)-c1ccc(s1)-c1sc(\\C=C2/SC(=S)N(C)C2=O)cc1C,0,0,2,32,6,4,0,0,0,0.16,0.16
COc1c2cc(sc2c(OC)c2cc(sc12)-c1cc(C)c(s1)-c1ccc(s1)-c1sc(\\C=C2/SC(=S)N(C)C2=O)cc1C)-c1cc(C)c(s1)-c1ccc(s1)-c1sc(\\C=C2/SC(=S)N(C)C2=O)cc1C,0,0,2,32,6,4,0,0,0,0.16,0.16
Cc1cc(\\C=c2/sc(=C(C#N)C#N)n(C)c2=O)sc1-c1cc(C)c(s1)-c1cc(C)c(s1)-c1ccc(s1)-c1ccc(s1)-c1sc(cc1C)-c1sc(cc1C)-c1sc(\\C=c2/sc(=C(C#N)C#N)n(C)c2=O)cc1C,4,0,4,30,8,6,0,0,0,0.16,0.14814814814814814
Cc1ccc(s1)-c1ccc(s1)-c1cnc(-c2cc3c(s2)-c2sc(cc2[Si]3(C)C)-c2ccc(-c3cc4c(s3)-c3sc(cc3[Si]4(C)C)-c3ccc(-c4cc5c(s4)-c4sc(cc4[Si]5(C)C)-c4ncc(-c5ccc(s5)-c5ccc(C)s5)c5nsnc45)c4nsnc34)c3nsnc23)c2nsnc12,0,0,2,54,6,2,0,0,0,0.11428571428571428,0.11428571428571428
Cc1ccc(s1)-c1ccc(s1)-c1ncc(-c2cc3c(-c4cc(C)c(C)s4)c4sc(cc4c(-c4cc(C)c(C)s4)c3s2)-c2cnc(-c3ccc(s3)-c3ccc(C)s3)c3nc(C)c(C)nc23)c2nc(C)c(C)nc12,0,0,2,38,8,10,0,0,0,0.1724137931034483,0.1724137931034483
Cc1ccc(s1)-c1ccc(s1)-c1ccc(s1)-c1c(F)c(F)c(-c2cc3c(-c4cc(C)c(C)s4)c4sc(cc4c(-c4cc(C)c(C)s4)c3s2)-c2c(F)c(F)c(-c3ccc(s3)-c3ccc(s3)-c3ccc(C)s3)c3nc(C)c(C)nc23)c2nc(C)c(C)nc12,0,0,0,48,10,10,0,0,0,0.14705882352941177,0.14705882352941177
Cc1ccc(s1)-c1ccc(s1)-c1cnc(-c2cc3c(s2)-c2sc(cc2[Si]3(C)C)-c2cc(F)c(-c3cc4c(s3)-c3sc(cc3[Si]4(C)C)-c3ncc(-c4ccc(s4)-c4ccc(C)s4)c4nsnc34)c3nsnc23)c2nsnc12,0,0,2,42,4,2,0,0,0,0.1111111111111111,0.1111111111111111
CN1C(=S)S\\C(=C/c2sc(-c3cc4c(-c5ccc(C)s5)c5sc(cc5c(-c5ccc(C)s5)c4s3)-c3sc(\\C=C4/SC(=S)N(C)C4=O)c4cc(C)sc34)c3sc(C)cc23)C1=O,0,0,2,28,6,4,0,0,0,0.13636363636363635,0.13636363636363635
CN1C(=S)S\\C(=C\\c2ccc(s2)-c2ccc(s2)-c2n(C)c(=O)c3c(-c4ccc(s4)-c4ccc5c(c4)n(C)c4cc(ccc54)-c4ccc(s4)-c4n(C)c(=O)c5c(-c6ccc(s6)-c6ccc(\\C=C7\\SC(=S)N(C)C7=O)s6)n(C)c(=O)c45)n(C)c(=O)c23)C1=O,0,0,6,40,8,0,0,0,0,0.1111111111111111,0.1111111111111111
COc1ccc(s1)-c1c2cc(sc2c(-c2ccc(OC)s2)c2cc(sc12)-c1cc(C)c(s1)-c1ccc(s1)-c1sc(\\C=C2/SC(=S)N(C)C2=O)cc1C)-c1cc(C)c(s1)-c1ccc(s1)-c1sc(\\C=C2/SC(=S)N(C)C2=O)cc1C,0,0,4,36,8,4,0,0,0,0.13793103448275862,0.13793103448275862
CN1C(=O)\\C(=C/c2cc(C)c(s2)-c2ccc(s2)-c2sc(cc2C)-c2cc3c(-c4ccc(C)s4)c4sc(cc4c(-c4ccc(C)s4)c3s2)-c2cc(C)c(s2)-c2ccc(s2)-c2sc(\\C=C3/C(=O)N(C)C(=O)C(C#N)=C3C)cc2C)C(C)=C(C#N)C1=O,2,0,4,36,14,8,0,0,0,0.15625,0.15151515151515152
Cc1ccc(s1)-c1ccc(s1)-c1cc(F)c(-c2cc3c(s2)-c2sc(cc2[Ge]3(C)C)-c2c(F)cc(-c3ccc(s3)-c3ccc(C)s3)c3nsnc23)c2nsnc12,0,0,0,32,4,2,0,0,0,0.1,0.1
Cc1ccc(s1)-c1ccc(s1)-c1c(F)c(F)c(-c2cc3c(-c4cc(C)c(C)s4)c4sc(cc4c(-c4cc(C)c(C)s4)c3s2)-c2c(F)c(F)c(-c3ccc(s3)-c3ccc(C)s3)c3nc(C)c(C)nc23)c2nc(C)c(C)nc12,0,0,0,40,10,10,0,0,0,0.16666666666666666,0.16666666666666666
CN1C(=S)S\\C(=C\\c2ccc(s2)-c2cc3c(s2)-c2cc4n(C)c5cc6-c7sc(cc7C(c6cc5c4cc2C3(c2ccc(C)cc2)c2ccc(C)cc2)(c2ccc(C)cc2)c2ccc(C)cc2)-c2ccc(\\C=C3\\SC(=S)N(C)C3=O)s2)C1=O,0,0,2,40,16,4,0,0,2,0.13043478260869565,0.13043478260869565
COC(=O)C(=C\\c1ccc([se]1)-c1cc(C)c(s1)-c1cc(C)c(s1)-c1ccc(s1)-c1ccc(s1)-c1sc(cc1C)-c1sc(cc1C)-c1ccc(\\C=C(/C#N)C(=O)OC)[se]1)\\C#N,2,0,2,30,6,4,0,0,0,0.13636363636363635,0.13043478260869565
Cc1cc(\\C=c2\\sc(=C(C#N)C#N)n(C)c2=O)sc1-c1cc(C)c(s1)-c1ccc(s1)-c1ccc(s1)-c1sc(cc1C)-c1sc(\\C=c2\\sc(=C(C#N)C#N)n(C)c2=O)cc1C,4,0,4,24,6,4,0,0,0,0.15,0.13636363636363635
COc1c2cc(sc2c(OC)c2cc(sc12)-c1ccc2N(C)c3ccc(C=C(C#N)C#N)cc3Sc2c1)-c1ccc2N(C)c3ccc(C=C(C#N)C#N)cc3Sc2c1,4,0,0,30,8,0,0,0,0,0.09523809523809523,0.08695652173913043
CN1C(=S)S\\C(=C/c2cc(C)c(s2)-c2cc(C)c(s2)-c2cc(C)c(s2)-c2ccc(s2)-c2sc(cc2C)-c2sc(cc2C)-c2sc(\\C=C3/SC(=S)N(C)C3=O)cc2C)C1=O,0,0,2,26,6,6,0,0,0,0.18181818181818182,0.18181818181818182
Cc1ccc(s1)-c1ccc(s1)-c1cnc(-c2cc3c(s2)-c2sc(cc2[Si]3(C)C)-c2c(F)c(F)c(-c3cc4c(s3)-c3sc(cc3[Si]4(C)C)-c3ncc(-c4ccc(s4)-c4ccc(C)s4)c4nsnc34)c3nsnc23)c2nsnc12,0,0,2,42,4,2,0,0,0,0.1111111111111111,0.1111111111111111
CN1c2ccc(C=C(C#N)C#N)cc2Sc2cc(ccc12)-c1ccc(cc1)N(c1ccccc1)c1ccccc1,2,0,0,28,4,0,0,0,0,0.030303030303030304,0.02857142857142857
COc1ccc(cc1)N(c1ccc(OC)cc1)c1ccc(cc1)-c1ccc(-c2cc3c(-c4ccc(C)s4)c4sc(cc4c(-c4ccc(C)s4)c3s2)-c2ccc(-c3ccc(cc3)N(c3ccc(OC)cc3)c3ccc(OC)cc3)c3nsnc23)c2nsnc12,0,0,0,56,10,2,0,0,0,0.08333333333333333,0.08333333333333333
Cc1ccc(s1)-c1sc(cc1C)-c1nnc(nn1)-c1cc(C)c(s1)-c1cc2c(-c3ccc(C)s3)c3sc(cc3c(-c3ccc(C)s3)c2s1)-c1sc(cc1C)-c1nnc(nn1)-c1cc(C)c(s1)-c1ccc(C)s1,0,0,4,34,8,8,0,0,0,0.14814814814814814,0.14814814814814814
Cc1cc(C=C2C(=O)c3ccccc3C2=O)sc1-c1cc2c(s1)-c1sc(cc1C21c2cc(ccc2-c2ccc(cc12)C(C)(C)C)C(C)(C)C)-c1sc(C=C2C(=O)c3ccccc3C2=O)cc1C,0,0,0,32,16,8,0,0,3,0.1864406779661017,0.1864406779661017
CC(=C(C#N)C#N)c1ccc(s1)-c1ccc(s1)-c1cc2c(s1)-c1sc(cc1[Si]2(C)C)-c1ccc(s1)-c1ccc(s1)C(C)=C(C#N)C#N,4,0,0,24,4,2,0,0,0,0.125,0.1111111111111111
CC(=O)c1cc2c(sc(-c3ccc(s3)-c3ccc(C)s3)c2s1)-c1cc2c(-c3ccc(C)s3)c3sc(cc3c(-c3ccc(C)s3)c2s1)-c1sc(-c2ccc(s2)-c2ccc(C)s2)c2sc(cc12)C(C)=O,0,0,0,42,6,6,0,0,0,0.1111111111111111,0.1111111111111111
Cc1ccc(s1)-c1ccc(s1)-c1ccc([C]2Sc3c4sc5c6S[C](C=c6n(C)c5c4n(C)c3=C2)c2ccc(-c3ccc(s3)-c3ccc(C)s3)c3nsnc23)c2nsnc12,0,0,0,34,4,2,2,0,0,0.13636363636363635,0.09090909090909091
N#C[C](C#N)c1ccc(cc1)[C](C(=C(C#N)C#N)c1ccc(C#Cc2cccnc2)c2nsnc12)c1ccc(cc1)N(c1ccccc1)c1ccccc1,4,2,2,27,8,0,0,2,0,0.05128205128205128,0
Cc1ccc(s1)-c1ccc(s1)-c1c2cc(sc2c(-c2ccc(s2)-c2ccc(C)s2)c2cc(sc12)-c1ccc(s1)-c1n(C)c(=O)c2c(-c3cccs3)n(C)c(=O)c12)-c1ccc(s1)-c1n(C)c(=O)c2c(-c3cccs3)n(C)c(=O)c12,0,0,6,40,8,2,0,0,0,0.1,0.1
Cc1ccc(s1)-c1ccc(s1)-c1cc(F)c(-c2cc3sc4-c5cc6c(cc5C(c4c3s2)(c2ccc(C)cc2)c2ccc(C)cc2)-c2sc3cc(sc3c2C6(c2ccc(C)cc2)c2ccc(C)cc2)-c2c(F)cc(-c3ccc(s3)-c3ccc(C)s3)c3nsnc23)c2nsnc12,0,0,0,52,18,6,0,0,2,0.10256410256410256,0.10256410256410256
Cc1ccc(s1)-c1ccc(s1)-c1n(C)c(=O)c2c(-c3ccc(s3)-c3cc4ccc5cc(cc6ccc(c3)c4c56)-c3ccc(s3)-c3n(C)c(=O)c4c(-c5ccc(s5)-c5ccc(C)s5)n(C)c(=O)c34)n(C)c(=O)c12,0,0,4,36,12,2,0,0,0,0.10344827586206896,0.10344827586206896
Cc1ccc(s1)-c1c2cc(sc2c(-c2ccc(C)s2)c2cc(sc12)-c1ccc(s1)-c1n(C)c(=O)c2c(-c3ccc(s3)-c3ccc(cc3)C(F)(F)F)n(C)c(=O)c12)-c1ccc(s1)-c1n(C)c(=O)c2c(-c3ccc(s3)-c3ccc(cc3)C(F)(F)F)n(C)c(=O)c12,0,0,4,42,12,4,0,0,0,0.12121212121212122,0.12121212121212122
COC(=O)C(=C/c1cc(C)c(s1)-c1ccc(s1)-c1sc(cc1C)-c1cc2c(s1)-c1sc(cc1[Si]2(C)C)-c1cc(C)c(s1)-c1ccc(s1)-c1sc(\\C=C(/C#N)C(=O)OC)cc1C)\\C#N,2,0,2,30,6,4,0,0,0,0.17391304347826086,0.16666666666666666
Cc1ccc(s1)-c1ccc(s1)-c1cnc(-c2cc3c(s2)-c2sc(cc2[Si]3(C)C)-c2ccc(-c3cc4c(s3)-c3sc(cc3[Si]4(C)C)-c3ncc(-c4ccc(s4)-c4ccc(C)s4)c4nsnc34)c3nsnc23)c2nsnc12,0,0,2,42,4,2,0,0,0,0.1111111111111111,0.1111111111111111
Cc1ccc(s1)-c1ccc(s1)-c1cnc(-c2cc3c(s2)-c2sc(cc2[Si]3(C)C)-c2cnc(-c3cc4c(s3)-c3sc(cc3[Si]4(C)C)-c3ncc(-c4cc5c(s4)-c4sc(cc4[Si]5(C)C)-c4ncc(-c5ccc(s5)-c5ccc(C)s5)c5nsnc45)c4nsnc34)c3nsnc23)c2nsnc12,0,0,4,52,4,2,0,0,0,0.11764705882352941,0.11764705882352941
Cc1ccc(s1)-c1c2cc(sc2c(-c2ccc(C)s2)c2cc(sc12)-c1ccc(s1)-c1n(C)c(=O)c2c(-c3cccs3)n(C)c(=O)c12)-c1ccc(s1)-c1n(C)c(=O)c2c(-c3cccs3)n(C)c(=O)c12,0,0,6,32,8,2,0,0,0,0.11538461538461539,0.11538461538461539
Cc1ccc(s1)-c1ccc(s1)-c1cc(F)c(-c2cc3c(-c4ccc(C)s4)c4sc(cc4c(-c4ccc(C)s4)c3s2)-c2c(F)cc(-c3ccc(s3)-c3ccc(C)s3)c3nsnc23)c2nsnc12,0,0,0,38,8,4,0,0,0,0.08,0.08
Cc1ccc(s1)-c1ccc(s1)-c1cnc(-c2cc3c(s2)-c2sc(cc2[Si]3(C)C)-c2cnc(-c3cc4c(s3)-c3sc(cc3[Si]4(C)C)-c3ncc(-c4ccc(s4)-c4ccc(C)s4)c4nsnc34)c3nsnc23)c2nsnc12,0,0,3,41,3,2,0,0,0,0.11320754716981132,0.11320754716981132
CC(C)[Si](C#Cc1c2cc(sc2c(C#C[Si](C(C)C)(C(C)C)C(C)C)c2cc(sc12)-c1c(F)cc(-c2ccc(s2)-c2ccc(C)s2)c2nsnc12)-c1c(F)cc(-c2ccc(s2)-c2ccc(C)s2)c2nsnc12)(C(C)C)C(C)C,2,2,0,30,8,14,6,0,0,0.3448275862068966,0.3225806451612903
Cc1ccc(s1)-c1c2cc(sc2c(-c2ccc(C)s2)c2cc(sc12)-c1sc(C=C2C(=O)c3ccccc3C2=O)cc1C)-c1sc(C=C2C(=O)c3ccccc3C2=O)cc1C,0,0,0,34,12,4,0,0,0,0.08,0.08
Cn1c(-c2cccs2)c2c(c(-c3ccc(s3)-c3cc4ccc5cc(cc6ccc(c3)c4c56)-c3ccc(s3)-c3n(C)c(=O)c4c(-c5cccs5)n(C)c(=O)c34)n(C)c2=O)c1=O,0,0,6,26,12,0,0,0,0,0.08333333333333333,0.08333333333333333
Cc1ccc(s1)-c1c2cc(sc2c(-c2ccc(C)s2)c2cc(sc12)-c1ccc(s1)-c1n(C)c(=O)c2c(-c3ccc(s3)-c3cc4ccccc4o3)n(C)c(=O)c12)-c1ccc(s1)-c1n(C)c(=O)c2c(-c3ccc(s3)-c3cc4ccccc4o3)n(C)c(=O)c12,0,0,4,48,10,2,0,0,0,0.08823529411764706,0.08823529411764706
Cc1ccc(s1)-c1ccc(s1)-c1c(F)c(F)c(-c2ccc(o2)-c2cc3c(s2)-c2cc4c(cc2C3(C)C)-c2sc(cc2C4(C)C)-c2ccc(o2)-c2c(F)c(F)c(-c3ccc(s3)-c3ccc(C)s3)c3nsnc23)c2nsnc12,0,0,0,40,10,6,0,0,2,0.13793103448275862,0.13793103448275862
Cn1c(-c2ccc(s2)C#Cc2ccc(cc2)-n2c3ccccc3c3ccccc23)c2c(c(-c3ccc(s3)C#Cc3ccc(cc3)-n3c4ccccc4c4ccccc34)n(C)c2=O)c1=O,0,4,2,40,8,0,0,0,0,0.038461538461538464,0.03571428571428571
CN1C(=S)S\\C(=C\\c2cc(C)c(s2)-c2ccc(s2)-c2sc(cc2C)-c2ccc(s2)-c2ccc(s2)-c2cc(C)c(s2)-c2ccc(s2)-c2sc(\\C=C3\\SC(=S)N(C)C3=O)cc2C)C1=O,0,0,2,32,4,4,0,0,0,0.13043478260869565,0.13043478260869565
CN1C(=O)\\C(=C2\\C(=O)N(C)c3cc(ccc23)-c2ccc(s2)-c2n(C)c(=O)c3c(-c4cccs4)n(C)c(=O)c23)c2ccc(cc12)-c1ccc(s1)-c1n(C)c(=O)c2c(-c3cccs3)n(C)c(=O)c12,0,0,8,26,10,0,0,0,0,0.12,0.12
Cc1ccc(s1)-c1c2cc(sc2c(-c2ccc(C)s2)c2cc(sc12)-c1ccc(s1)-c1n(C)c(=O)c2c(-c3ccc(s3)-c3ccc(cc3)N(c3ccccc3)c3ccccc3)n(C)c(=O)c12)-c1ccc(s1)-c1n(C)c(=O)c2c(-c3ccc(s3)-c3ccc(cc3)N(c3ccccc3)c3ccccc3)n(C)c(=O)c12,0,0,4,68,10,2,0,0,0,0.06818181818181818,0.06818181818181818
Cc1ccc(s1)-c1ccc(s1)-c1c(F)c(F)c(-c2ccc(s2)-c2cc3c(-c4cc(C)c(C)s4)c4sc(cc4c(-c4cc(C)c(C)s4)c3s2)-c2ccc(s2)-c2c(F)c(F)c(-c3ccc(s3)-c3ccc(C)s3)c3nc(C)c(C)nc23)c2nc(C)c(C)nc12,0,0,0,48,10,10,0,0,0,0.14705882352941177,0.14705882352941177
Cc1cc2sc(cc2s1)-c1cc(F)c(-c2cc3sc4-c5cc6c(cc5C(c4c3s2)(c2ccc(C)cc2)c2ccc(C)cc2)-c2sc3cc(sc3c2C6(c2ccc(C)cc2)c2ccc(C)cc2)-c2c(F)cc(-c3cc4sc(C)cc4s3)c3nsnc23)c2nsnc12,0,0,0,48,18,6,0,0,2,0.10810810810810811,0.10810810810810811
COC(=O)C(=C\\c1sc(cc1C)-c1ccc(s1)-c1cc(C)c(s1)-c1cc2c(C#C[Si](C(C)C)(C(C)C)C(C)C)c3sc(cc3c(C#C[Si](C(C)C)(C(C)C)C(C)C)c2s1)-c1sc(cc1C)-c1ccc(s1)-c1cc(C)c(\\C=C(/C#N)C(=O)OC)s1)\\C#N,4,2,2,28,10,16,6,0,0,0.375,0.34285714285714286
COc1ccc(cc1F)-c1c2cc(oc2c(-c2ccc(OC)c(F)c2)c2cc(oc12)-c1ccc(s1)-c1n(C)c(=O)c2c(-c3cccs3)n(C)c(=O)c12)-c1ccc(s1)-c1n(C)c(=O)c2c(-c3cccs3)n(C)c(=O)c12,0,0,6,34,10,0,0,0,0,0.10714285714285714,0.10714285714285714
Cn1c(-c2cccs2)c2c(c(-c3ccc(s3)-c3ccc(cc3)-c3n(C)c(=O)c4c(-c5ccc(cc5)-c5ccc(s5)-c5n(C)c(=O)c6c(-c7cccs7)n(C)c(=O)c56)n(C)c(=O)c34)n(C)c2=O)c1=O,0,0,8,28,10,0,0,0,0,0.11538461538461539,0.11538461538461539
Cc1ccc(s1)-c1ccc(s1)-c1cnc(-c2cc3c(s2)-c2sc(cc2[Si]3(C)C)-c2ccc(-c3cc4c(s3)-c3sc(cc3[Si]4(C)C)-c3ncc(-c4ccc(s4)-c4ccc(C)s4)c4nsnc34)c3nonc23)c2nsnc12,0,0,2,42,4,2,0,0,0,0.1111111111111111,0.1111111111111111
CN1C(=S)S\\C(=C\\c2cc(C)c(s2)-c2ccc(s2)-c2sc(cc2C)-c2sc(-c3cc(C)c(s3)-c3ccc(s3)-c3sc(\\C=C4\\SC(=S)N(C)C4=O)cc3C)c3c2C(=O)c2c(C)sc(C)c2C3=O)C1=O,0,0,2,30,8,6,0,0,0,0.16,0.16
COc1ccc(-c2ccc(s2)-c2n(C)c(=O)c3c(-c4ccc(s4)-c4ccc(OC)c(OC)c4OC)n(C)c(=O)c23)c(OC)c1OC,0,0,2,20,4,0,0,0,0,0.23529411764705882,0.23529411764705882
Cn1c(-c2cccs2)c2c(c(-c3ccc(s3)C#Cc3ccc(s3)-c3n(C)c(=O)c4c(-c5cccs5)n(C)c(=O)c34)n(C)c2=O)c1=O,0,2,6,18,4,0,0,0,0,0.125,0.11764705882352941
COC(=O)C(=C\\c1cc(C)c(s1)-c1cc(C)c(s1)-c1cc(C)c(s1)-c1cc2cc3sc(cc3cc2s1)-c1sc(cc1C)-c1sc(cc1C)-c1sc(\\C=C(/C#N)C(=O)OC)cc1C)\\C#N,2,0,2,28,10,6,0,0,0,0.16666666666666666,0.16
Cn1c(-c2cccs2)c2c(c(-c3ccc(s3)-c3ccc4cc5cc(ccc5cc4c3)-c3ccc(s3)-c3n(C)c(=O)c4c(-c5cccs5)n(C)c(=O)c34)n(C)c2=O)c1=O,0,0,6,26,10,0,0,0,0,0.08695652173913043,0.08695652173913043
COC(=O)C(=C\\c1cc(C)c(s1)-c1cc(C)c(s1)-c1cc(C)c(s1)-c1cc2c(-c3ccc(C)s3)c3sc(cc3c(-c3ccc(C)s3)c2s1)-c1sc(cc1C)-c1sc(cc1C)-c1sc(\\C=C(/C#N)C(=O)OC)cc1C)\\C#N,2,0,2,34,12,8,0,0,0,0.1724137931034483,0.16666666666666666
Cc1ccc(s1)-c1ccc(s1)-c1c(F)c(F)c(-c2cc3c(s2)-c2cc4c(cc2C3(C)C)-c2sc(cc2C4(C)C)-c2ccc(s2)-c2n(C)c(=O)c3c(-c4ccc(s4)-c4cc5c(s4)-c4cc6c(cc4C5(C)C)-c4sc(cc4C6(C)C)-c4c(F)c(F)c(-c5ccc(s5)-c5ccc(C)s5)c5nsnc45)n(C)c(=O)c23)c2nsnc12,0,0,2,50,18,10,0,0,4,0.18604651162790697,0.18604651162790697
COC(=O)c1ccc(o1)-c1ccc(s1)-c1n(C)c(=O)c2c(-c3ccc(s3)-c3ccc(o3)C(=O)OC)n(C)c(=O)c12,0,0,4,18,2,0,0,0,0,0.14285714285714285,0.14285714285714285
COc1c2cc(sc2c(OC)c2cc(sc12)-c1ccc(-c2cc3n(C)c4cc(C)sc4c3s2)c2nsnc12)-c1ccc(-c2cc3n(C)c4cc(C)sc4c3s2)c2nsnc12,0,0,0,32,6,2,0,0,0,0.13636363636363635,0.13636363636363635
COC(=O)C(=C\\c1cc(C)c(s1)-c1ccc(s1)-c1sc(cc1C)-c1cc2c(-c3ccc(OC)c(F)c3)c3sc(cc3c(-c3ccc(OC)c(F)c3)c2s1)-c1cc(C)c(s1)-c1ccc(s1)-c1sc(\\C=C(/C#N)C(=O)OC)cc1C)\\C#N,2,0,2,38,12,4,0,0,0,0.13333333333333333,0.12903225806451613
Cn1c(-c2ccc(s2)-c2ccc3n(C)c4c5c6ccccc6n(C)c5c5c6ccccc6n(C)c5c4c3c2)c2c(c(-c3ccc(s3)-c3ccc4n(C)c5c6c7ccccc7n(C)c6c6c7ccccc7n(C)c6c5c4c3)n(C)c2=O)c1=O,0,0,2,44,16,0,0,0,0,0.11428571428571428,0.11428571428571428
Cc1ccc(s1)-c1c2cc(sc2c(-c2ccc(C)s2)c2cc(sc12)-c1ccc(s1)-c1n(C)c(=O)c2c(-c3cccs3)n(C)c(=O)c12)-c1ccc(s1)-c1n(C)c(=O)c2c(-c3cccs3)n(C)c(=O)c12,0,0,6,32,8,2,0,0,0,0.11538461538461539,0.11538461538461539
N#CC(C#N)=C(C(=C(C#N)C#N)c1ccc(C#Cc2cccnc2)c2nsnc12)c1ccc(cc1)N(c1ccccc1)c1ccccc1,4,2,2,23,8,0,0,0,0,0,0
CN1C(=O)S\\C(=C/c2cc(C)c(s2)-c2ccc(s2)-c2sc(cc2C)-c2cc3c(-c4ccc(C)s4)c4sc(cc4c(-c4ccc(C)s4)c3s2)-c2cc(C)c(s2)-c2ccc(s2)-c2sc(\\C=C3/SC(=O)N(C)C3=O)cc2C)C1=O,0,0,2,38,8,6,0,0,0,0.13793103448275862,0.13793103448275862
Cn1c(-c2ccc(s2)C#Cc2ccc(cc2)N(c2ccccc2)c2ccccc2)c2c(c(-c3ccc(s3)C#Cc3ccc(cc3)N(c3ccccc3)c3ccccc3)n(C)c2=O)c1=O,0,4,2,44,4,0,0,0,0,0.038461538461538464,0.03571428571428571
COc1cc(-c2ccc(s2)-c2n(C)c(=O)c3c(-c4ccc(s4)-c4cc5ccc6cccc7ccc(c4)c5c67)n(C)c(=O)c23)c(OC)cc1-c1ccc(s1)-c1n(C)c(=O)c2c(-c3ccc(s3)-c3cc4ccc5cccc6ccc(c3)c4c56)n(C)c(=O)c12,0,0,4,42,20,0,0,0,0,0.08333333333333333,0.08333333333333333
COc1c2cc(sc2c(OC)c2cc(sc12)-c1sc(cc1C)-c1sc(cc1C)-c1nnc(nn1)-c1cc(C)c(s1)-c1cc(C)c(s1)-c1ccc(C)s1)-c1sc(cc1C)-c1sc(cc1C)-c1nnc(nn1)-c1cc(C)c(s1)-c1cc(C)c(s1)-c1ccc(C)s1,0,0,4,40,10,10,0,0,0,0.18181818181818182,0.18181818181818182
Cn1c(-c2cccs2)c2c(c(-c3ccc(\\C=C\\c4ccc(s4)-c4n(C)c(=O)c5c(-c6cccs6)n(C)c(=O)c45)s3)n(C)c2=O)c1=O,0,0,6,20,4,0,0,0,0,0.11764705882352941,0.11764705882352941
Cc1ccc(s1)-c1ccc(s1)-c1c(F)c(F)c(-c2cc3c(s2)-c2cc4c(cc2C3(C)C)-c2sc(cc2C4(C)C)-c2ccc(s2)-c2n(C)c(=O)c3c(-c4ccc(s4)-c4cc5c(s4)-c4cc6c(cc4C5(C)C)-c4sc(cc4C6(C)C)-c4c(F)c(F)c(-c5ccc(s5)-c5ccc(C)s5)c5nsnc45)n(C)c(=O)c23)c2nsnc12,0,0,2,50,18,10,0,0,4,0.18604651162790697,0.18604651162790697
Cc1ccc(s1)-c1ccc(s1)-c1ccc(s1)-c1cc(F)c(-c2ccc3c(c2)n(C)c2c4ccc(cc4n(C)c32)-c2c(F)cc(-c3ccc(s3)-c3ccc(s3)-c3ccc(C)s3)c3nsnc23)c2nsnc12,0,0,0,42,8,2,0,0,0,0.07407407407407407,0.07407407407407407
COC(=O)C(=C\\c1cc(C)c(s1)-c1ccc(s1)-c1sc(cc1C)-c1cc2c(-c3ccc(OC)cc3)c3sc(cc3c(-c3ccc(OC)cc3)c2s1)-c1cc(C)c(s1)-c1ccc(s1)-c1sc(\\C=C(/C#N)C(=O)OC)cc1C)\\C#N,2,0,2,38,12,4,0,0,0,0.13333333333333333,0.12903225806451613
COc1c2cc(sc2c(OC)c2cc(sc12)-c1sc(cc1C)-c1cc(C)c(C=C2C(=O)c3ccccc3C2=O)s1)-c1sc(cc1C)-c1cc(C)c(C=C2C(=O)c3ccccc3C2=O)s1,0,0,0,34,12,4,0,0,0,0.11538461538461539,0.11538461538461539
COc1cc(-c2ccc(s2)-c2cc(F)c(-c3ccc(C)s3)c3nsnc23)c(OC)cc1-c1ccc(s1)-c1cc(F)c(-c2ccc(C)s2)c2nsnc12,0,0,0,28,6,2,0,0,0,0.10526315789473684,0.10526315789473684
CN1C(=S)S\\C(=C/c2ccc(s2)-c2ccc(s2)-c2ccc(s2)-c2cc3c(s2)-c2cc4c(cc2C3(c2ccc(C)cc2)c2ccc(C)cc2)-c2sc(cc2C4(c2ccc(C)cc2)c2ccc(C)cc2)-c2ccc(s2)-c2ccc(s2)-c2ccc(\\C=C3/SC(=S)N(C)C3=O)s2)C1=O,0,0,2,52,14,4,0,0,2,0.10256410256410256,0.10256410256410256
Cc1cc(sc1-c1nc2sc(nc2s1)-c1sc(cc1C)-c1cc(F)c(-c2cc(C)c(s2)-c2nc3sc(nc3s2)-c2sc(cc2C)-c2ccc(cc2)N(c2ccccc2)c2ccccc2)c2nc(-c3ccccc3)c(nc12)-c1ccccc1)-c1ccc(cc1)N(c1ccccc1)c1ccccc1,0,0,8,62,10,4,0,0,0,0.047619047619047616,0.047619047619047616
CC(C)[Si](C#Cc1c2cc(sc2c(C#C[Si](C(C)C)(C(C)C)C(C)C)c2cc(sc12)-c1sc(cc1C)-c1ccc(s1)-c1cc(C)c(\\C=C2\\SC(=O)N(C)C2=O)s1)-c1sc(cc1C)-c1ccc(s1)-c1cc(C)c(\\C=C2/SC(=O)N(C)C2=O)s1)(C(C)C)C(C)C,2,2,2,30,8,16,6,0,0,0.36363636363636365,0.34285714285714286
Cc1ccsc1C#Cc1c2ccccc2c(C#Cc2ccc(cc2)C#Cc2ccc(s2)-c2n(C)c(=O)c3c(-c4ccc(s4)C#Cc4ccc(cc4)C#Cc4c5ccccc5c(C#Cc5sccc5C)c5ccccc45)n(C)c(=O)c23)c2ccccc12,0,12,4,38,20,2,0,0,0,0.06060606060606061,0.05128205128205128
COC(=O)C(=C\\c1cc(C)c(s1)-c1cc(C)c(s1)-c1cc(C)c(s1)-c1cc2c3cc(C)sc3c3cc(sc3c2s1)-c1sc(cc1C)-c1sc(cc1C)-c1sc(\\C=C(/C#N)C(=O)OC)cc1C)\\C#N,2,0,2,29,11,7,0,0,0,0.17647058823529413,0.16981132075471697
CN1C(=S)S\\C(=C/c2cc3c(s2)-c2sc(cc2[Si]3(C)C)-c2cc3c(-c4ccc(C)s4)c4sc(cc4c(-c4ccc(C)s4)c3s2)-c2cc3c(s2)-c2sc(\\C=C4/SC(=S)N(C)C4=O)cc2[Si]3(C)C)C1=O,0,0,2,34,4,2,0,0,0,0.16,0.16
CN1C(=S)S\\C(=C\\c2cc(C)c(s2)-c2ccc(s2)-c2sc(cc2C)-c2cc3c(s2)-c2sc(cc2P3(=O)c2ccccc2)-c2cc(C)c(s2)-c2ccc(s2)-c2sc(\\C=C3\\SC(=S)N(C)C3=O)cc2C)C1=O,0,0,2,38,4,4,0,0,0,0.11538461538461539,0.11538461538461539
COC(=O)c1sc2c(sc(-c3cc(C)c(s3)-c3ccc(s3)-c3sc(\\C=C4/SC(=S)N(C)C4=O)cc3C)c2c1F)-c1cc(C)c(s1)-c1ccc(s1)-c1sc(\\C=C2/SC(=S)N(C)C2=O)cc1C,0,0,3,29,5,4,0,0,0,0.15217391304347827,0.15217391304347827
Cc1ccc(s1)-c1c2cc(sc2c(-c2ccc(C)s2)c2cc(sc12)-c1ccc(s1)-c1n(C)c(=O)c2c(-c3ccc(s3)-c3ccc(s3)-c3cccs3)n(C)c(=O)c12)-c1ccc(s1)-c1n(C)c(=O)c2c(-c3ccc(s3)-c3ccc(s3)-c3cccs3)n(C)c(=O)c12,0,0,6,48,8,2,0,0,0,0.08823529411764706,0.08823529411764706
CN1C(=O)c2c(sc(-c3cc4n(C)c5cc(sc5c4s3)-c3sc(cc3C)-c3sc(C=C(C#N)C#N)cc3C)c2C1=O)-c1cc2n(C)c3cc(sc3c2s1)-c1sc(cc1C)-c1sc(C=C(C#N)C#N)cc1C,4,0,2,32,8,4,0,0,0,0.14285714285714285,0.1320754716981132
COC(=O)C(=C\\c1cc(C)c(s1)-c1cc(C)c(s1)-c1cc(C)c(s1)-c1cc(C)c(s1)-c1cc2c(OC)c3sc(cc3c(OC)c2s1)-c1sc(cc1C)-c1sc(cc1C)-c1sc(cc1C)-c1sc(\\C=C(/C#N)C(=O)OC)cc1C)\\C#N,2,0,2,34,12,8,0,0,0,0.2,0.1935483870967742
CSc1ccc(s1)-c1ccc(s1)-c1cc(F)c(-c2cc3c(-c4ccc(SC)s4)c4sc(cc4c(-c4ccc(SC)s4)c3s2)-c2c(F)cc(-c3ccc(s3)-c3ccc(SC)s3)c3nsnc23)c2nsnc12,0,0,4,34,8,0,0,0,0,0.08,0.08
COc1c(OC)c(-c2ccc(s2)-c2ccc(C)s2)c2nsnc2c1[C]1Sc2c3sc4c5S[C](C=c5n(C)c4c3n(C)c2=C1)c1c(OC)c(OC)c(-c2ccc(s2)-c2ccc(C)s2)c2nsnc12,0,0,0,34,4,2,2,0,0,0.20833333333333334,0.16666666666666666
Cn1c(-c2ccc(s2)-c2ccc3[nH]ccc3c2)c2c(c(-c3ccc(s3)-c3ccc4[nH]ccc4c3)n(C)c2=O)c1=O,0,0,4,20,6,0,0,0,0,0.0625,0.0625
Cc1cc(C=C2C(=O)c3ccccc3C2=O)sc1-c1cc(C)c(s1)-c1cc(C)c(s1)-c1ccc(s1)-c1sc(cc1C)-c1sc(cc1C)-c1sc(C=C2C(=O)c3ccccc3C2=O)cc1C,0,0,0,36,12,6,0,0,0,0.1111111111111111,0.1111111111111111
CSc1ccc(cc1)-c1c2cc(sc2c(-c2ccc(SC)cc2)c2cc(sc12)-c1ccc(s1)-c1n(C)c(=O)c2c(-c3cccs3)n(C)c(=O)c12)-c1ccc(s1)-c1n(C)c(=O)c2c(-c3cccs3)n(C)c(=O)c12,0,0,6,34,10,0,0,0,0,0.10714285714285714,0.10714285714285714
COc1c2cc(sc2c(OC)c2cc(sc12)-c1sc(cc1C)-c1nnc(nn1)-c1cc(C)c(s1)-c1ccc(C)s1)-c1sc(cc1C)-c1nnc(nn1)-c1cc(C)c(s1)-c1ccc(C)s1,0,0,4,28,6,6,0,0,0,0.17391304347826086,0.17391304347826086
Cn1c(-c2ccc(s2)-c2cc(cc(c2)C(C)(C)C)C(C)(C)C)c2c(c(-c3ccc(s3)-c3cc(cc(c3)C(C)(C)C)C(C)(C)C)n(C)c2=O)c1=O,0,0,2,16,8,12,0,0,4,0.4090909090909091,0.4090909090909091
Cc1cc(sc1-c1cc(C)c(s1)-c1ccc(cc1)C(=C\\c1ccc(cc1)N(c1ccccc1)c1ccccc1)\\C#N)-c1cc(F)c(-c2cc(C)c(s2)-c2cc(C)c(s2)-c2ccc(cc2)C(=C\\c2ccc(cc2)N(c2ccccc2)c2ccccc2)\\C#N)c2nsnc12,2,0,0,60,14,4,0,0,0,0.05128205128205128,0.05
COc1c(OC)c(-c2ccc(s2)-c2ccc(cc2)C(=C\\c2ccc(cc2)N(c2ccccc2)c2ccccc2)\\C#N)c2nsnc2c1-c1ccc(s1)-c1ccc(cc1)C(=C/c1ccc(cc1)N(c1ccccc1)c1ccccc1)\\C#N,2,0,0,56,10,0,0,0,0,0.029411764705882353,0.02857142857142857
Cc1ccc(s1)-c1ccc(s1)-c1c(F)c(F)c(-c2ccc(s2)-c2cc3c(s2)-c2cc4c(cc2C3(C)C)-c2sc(cc2C4(C)C)-c2ccc(s2)-c2ccc(s2)-c2n(C)c(=O)c3c(-c4ccc(s4)-c4ccc(s4)-c4cc5c(s4)-c4cc6c(cc4C5(C)C)-c4sc(cc4C6(C)C)-c4ccc(s4)-c4c(F)c(F)c(-c5ccc(s5)-c5ccc(C)s5)c5nsnc45)n(C)c(=O)c23)c2nsnc12,0,0,2,66,18,10,0,0,4,0.1568627450980392,0.1568627450980392
Cn1c(-c2cccs2)c2c(c(-c3ccc(s3)-c3cc4n(C)c(=O)c5cc6c7sc(cc7n(C)c(=O)c6cc5c4s3)-c3ccc(s3)-c3n(C)c(=O)c4c(-c5cccs5)n(C)c(=O)c34)n(C)c2=O)c1=O,0,0,8,28,8,0,0,0,0,0.12,0.12
CC(=C(C#N)C#N)c1ccc(s1)-c1ccc(s1)-c1ccc(cc1)N(c1ccc(cc1)-c1ccc(s1)-c1ccc(s1)C(C)=C(C#N)C#N)c1ccc(cc1)-c1ccc(s1)-c1ccc(s1)C(C)=C(C#N)C#N,6,0,0,39,9,3,0,0,0,0.058823529411764705,0.05263157894736842
COC(=O)C(=C\\c1ccc(s1)-c1ccc(s1)-c1ccc(s1)-c1cc2c(s1)-c1cc3c(cc1C2(c1ccc(C)cc1)c1ccc(C)cc1)-c1sc(cc1C3(c1ccc(C)cc1)c1ccc(C)cc1)-c1ccc(s1)-c1ccc(s1)-c1ccc(\\C=C(/C#N)C(=O)OC)s1)\\C#N,2,0,2,50,16,4,0,0,2,0.10526315789473684,0.10256410256410256
COC(=O)C(=C\\c1cc(C)c(s1)-c1ccc(s1)-c1sc(cc1C)-c1ccc(s1)-c1n(C)c(=O)c2c(-c3ccc(s3)-c3cc(C)c(s3)-c3ccc(s3)-c3sc(\\C=C(/C#N)C(=O)OC)cc3C)n(C)c(=O)c12)\\C#N,2,0,4,32,8,4,0,0,0,0.15384615384615385,0.14814814814814814
CN1c2ccc(cc2Sc2cc(ccc12)C(=C(C#N)C#N)C(=C(C#N)C#N)c1ccc(cc1)N(c1ccccc1)c1ccccc1)C#Cc1ccc(cc1)N(c1ccccc1)c1ccccc1,4,2,0,44,8,0,0,0,0,0.018867924528301886,0.01694915254237288
Cc1ccc(s1)-c1ccc(s1)-c1cc(F)c(-c2cc3c(s2)-c2sc(cc2[Si]3(C)C)-c2c(F)cc(-c3ccc(s3)-c3ccc(C)s3)c3nsnc23)c2nsnc12,0,0,0,32,4,2,0,0,0,0.1,0.1
CC(C)[Si](C#Cc1c2cc(sc2c(C#C[Si](C(C)C)(C(C)C)C(C)C)c2cc(sc12)-c1sc(cc1C)-c1ccc(s1)-c1cc(C)c(\\C=C2\\SC(=S)N(C)C2=O)s1)-c1sc(cc1C)-c1ccc(s1)-c1cc(C)c(\\C=C2/SC(=S)N(C)C2=O)s1)(C(C)C)C(C)C,2,2,2,30,8,16,6,0,0,0.36363636363636365,0.34285714285714286
COC(=O)C(=C\\c1cc(C)c(s1)-c1ccc(s1)-c1sc(cc1C)-c1cc2c(cc3c4sc(cc4c(cc3c2s1)-c1ccc(C)s1)-c1cc(C)c(s1)-c1ccc(s1)-c1sc(\\C=C(/C#N)C(=O)OC)cc1C)-c1ccc(C)s1)\\C#N,2,0,2,38,12,6,0,0,0,0.13333333333333333,0.12903225806451613
CN1C(=S)S\\C(=C/c2ccc3N(C)c4ccc(cc4Sc3c2)-c2ccc(cc2)N(c2ccccc2)c2ccccc2)C1=O,0,0,1,29,3,0,0,0,0,0.05555555555555555,0.05555555555555555
Cn1cc([C]2C(=O)[C](C2=O)c2c(O)cc(cc2O)N2[C@@H]3CCC[C@H]3c3c2ccc2ccccc32)c2ccc(F)cc12,0,0,1,19,6,0,4,3,0,0.23529411764705882,0.17647058823529413
COc1ccc(-c2ccc(s2)-c2n(C)c(=O)c3c(-c4ccc(s4)-c4ccc(OC)cc4OC)n(C)c(=O)c23)c(OC)c1,0,0,2,20,4,0,0,0,0,0.1875,0.1875
Cn1cc([C]2C(=O)[C](C2=O)c2c(O)cc(cc2O)N2[C@@H]3CCC[C@H]3c3c2ccc2ccccc32)c2cc(F)ccc12,0,0,1,19,6,0,4,3,0,0.23529411764705882,0.17647058823529413
Cc1ccc(s1)-c1c2cc(sc2c(-c2ccc(C)s2)c2cc(sc12)-c1ccc(s1)-c1n(C)c(=O)c2c(-c3ccc(s3)-c3ccc(F)cc3)n(C)c(=O)c12)-c1ccc(s1)-c1n(C)c(=O)c2c(-c3ccc(s3)-c3ccc(F)cc3)n(C)c(=O)c12,0,0,4,44,10,2,0,0,0,0.09375,0.09375
CN1C(=O)c2c(sc(-c3ccc(s3)-c3cc4c(-c5ccc(C)s5)c5sc(cc5c(-c5ccc(C)s5)c4s3)-c3ccc(s3)-c3sc(-c4cccs4)c4C(=O)N(C)C(=O)c34)c2C1=O)-c1cccs1,0,0,6,32,8,2,0,0,0,0.08,0.08
N#CC(C#N)=C(C(=C(C#N)C#N)c1ccc(C#Cc2c3ccccc3cc3ccccc23)c2nsnc12)c1ccc(cc1)N(c1ccccc1)c1ccccc1,4,2,0,30,12,0,0,0,0,0,0
Cn1c(-c2ccc(s2)-c2ccc(s2)-c2ccc(s2)-c2n(C)c(=O)c3c(-c4ccc(s4)-c4cc5ccccc5s4)n(C)c(=O)c23)c2c(c(-c3ccc(s3)-c3cc4ccccc4s3)n(C)c2=O)c1=O,0,0,4,38,6,0,0,0,0,0.07692307692307693,0.07692307692307693
CN1c2ccccc2Oc2cc(\\C=C(\\C#N)c3ccc(cc3)-c3ccc(s3)-c3n(C)c(=O)c4c(-c5ccc(s5)-c5ccc(cc5)C(=C\\c5ccc6N(C)c7ccccc7Oc6c5)\\C#N)n(C)c(=O)c34)ccc12,2,0,2,42,10,0,0,0,0,0.06896551724137931,0.06666666666666667
COc1c2cc(sc2c(OC)c2cc(sc12)-c1cc2c(s1)-c1sc(\\C=C3/SC(=S)N(C)C3=O)cc1C2(C)C)-c1cc2c(s1)-c1sc(\\C=C3/SC(=S)N(C)C3=O)cc1C2(C)C,0,0,2,24,6,4,0,0,2,0.22727272727272727,0.22727272727272727
Cn1c(-c2cccs2)c2c(c(-c3ccc(s3)C#Cc3ccc(cc3)-n3c4ccccc4c4ccccc34)n(C)c2=O)c1=O,0,2,3,24,5,0,0,0,0,0.058823529411764705,0.05555555555555555
Cn1c(-c2ccc(s2)-c2ccc(s2)-c2ccc(\\C=C(/C#N)C(=O)NCc3ccccc3)s2)c2c(c(-c3ccc(s3)-c3ccc(s3)-c3ccccc3)n(C)c2=O)c1=O,1,0,3,33,5,1,0,0,0,0.06818181818181818,0.06666666666666667
COC(=O)C(=C\\c1cc(C)c(s1)-c1ccc(s1)-c1sc(cc1C)-c1cc2c(OC)c3sc(cc3c(OC)c2s1)-c1cc(C)c(s1)-c1ccc(s1)-c1sc(\\C=C(/C#N)C(=O)OC)cc1C)\\C#N,2,0,2,30,8,4,0,0,0,0.16666666666666666,0.16
COC(=O)C(=C\\c1cc(C)c(s1)-c1cc(C)c(s1)-c1cc(C)c(s1)-c1cc(C)c(s1)-c1cc2c(OC)c3sc(cc3c(OC)c2s1)-c1sc(cc1C)-c1sc(cc1C)-c1sc(cc1C)-c1sc(\\C=C(/C#N)C(=O)OC)cc1C)\\C#N,2,0,2,34,12,8,0,0,0,0.2,0.1935483870967742
COc1ccc(cc1)N(c1ccc(OC)cc1)c1ccc(cc1)-c1ccc(-c2cc3c(OC)c4sc(cc4c(OC)c3s2)-c2ccc(-c3ccc(cc3)N(c3ccc(OC)cc3)c3ccc(OC)cc3)c3nsnc23)c2nsnc12,0,0,0,50,8,0,0,0,0,0.09375,0.09375
C[Se]c1ccc(s1)-c1c2cc(sc2c(-c2ccc([Se]C)s2)c2cc(sc12)-c1ccc(s1)-c1n(C)c(=O)c2c(-c3cccs3)n(C)c(=O)c12)-c1ccc(s1)-c1n(C)c(=O)c2c(-c3cccs3)n(C)c(=O)c12,0,0,8,30,8,0,0,0,0,0.11538461538461539,0.11538461538461539
COC(=O)C(=C\\c1ccc(s1)-c1cc(C)c(s1)-c1cc(C)c(s1)-c1ccc(s1)-c1ccc(s1)-c1sc(cc1C)-c1sc(cc1C)-c1ccc(\\C=C(/C#N)C(=O)OC)s1)\\C#N,2,0,2,30,6,4,0,0,0,0.13636363636363635,0.13043478260869565
CN(C)c1ccc(\\C=C2/C(=O)c3ccccc3C2=C(C#N)C#N)s1,2,0,1,9,5,0,0,0,0,0.11764705882352941,0.10526315789473684
COC(=O)C(=C\\c1cc(C)c(s1)-c1cc(C)c(s1)-c1cc(C)c(s1)-c1ccc(s1)-c1sc(cc1C)-c1sc(cc1C)-c1sc(\\C=C(/C#N)C(=O)OC)cc1C)\\C#N,2,0,2,24,8,6,0,0,0,0.19047619047619047,0.18181818181818182
COc1c2cc(sc2c(OC)c2cc(sc12)-c1ccc(s1)-c1ccc(-c2ccc(C)s2)c2nsnc12)-c1ccc(s1)-c1ccc(-c2ccc(C)s2)c2nsnc12,0,0,0,32,6,2,0,0,0,0.09523809523809523,0.09523809523809523
COC(=O)C(=C\\c1ccc(s1)-c1cc(C)c(s1)-c1cc(C)c(s1)-c1cc2c(-c3ccc(OC)cc3)c3sc(cc3c(-c3ccc(OC)cc3)c2s1)-c1sc(cc1C)-c1sc(cc1C)-c1ccc(\\C=C(/C#N)C(=O)OC)s1)\\C#N,2,0,2,38,12,4,0,0,0,0.13333333333333333,0.12903225806451613
Cn1c(-c2ccc(s2)-c2cc3ccccc3o2)c2c(c(-c3ccc(s3)-c3cc4ccccc4o3)n(C)c2=O)c1=O,0,0,2,24,4,0,0,0,0,0.0625,0.0625
Cn1c(-c2cccs2)c2c(c(-c3ccc(s3)-c3ccc4cc(ccc4c3)-c3ccc(s3)-c3n(C)c(=O)c4c(-c5cccs5)n(C)c(=O)c34)n(C)c2=O)c1=O,0,0,6,24,8,0,0,0,0,0.09523809523809523,0.09523809523809523
Cn1c(-c2ccc(s2)-c2ccc3c(c2)n(C)c2c4c5ccccc5n(C)c4c4c5ccccc5n(C)c4c32)c2c(c(-c3ccc(s3)-c3ccc4c(c3)n(C)c3c5c6ccccc6n(C)c5c5c6ccccc6n(C)c5c43)n(C)c2=O)c1=O,0,0,2,44,16,0,0,0,0,0.11428571428571428,0.11428571428571428
COc1cc2cc(sc2c2c(OC)cc3cc(sc3c12)-c1ccc(s1)-c1n(C)c(=O)c2c(-c3cccs3)n(C)c(=O)c12)-c1ccc(s1)-c1n(C)c(=O)c2c(-c3cccs3)n(C)c(=O)c12,0,0,6,28,8,0,0,0,0,0.125,0.125
Cc1ccc(s1)-c1ccc(s1)-c1cc(F)c(-c2ccc(s2)-c2ccc3-c4sc(cc4C(C)(C)c3c2)-c2c(F)cc(-c3ccc(s3)-c3ccc(C)s3)c3nsnc23)c2nsnc12,0,0,0,34,8,4,0,0,1,0.10638297872340426,0.10638297872340426
Cc1cc(\\C=c2\\sc(=C(C#N)C#N)n(C)c2=O)sc1-c1ccc(s1)-c1sc(cc1C)-c1cc2c(s1)-c1sc(cc1C21c2cc(ccc2-c2ccc(cc12)C(C)(C)C)C(C)(C)C)-c1cc(C)c(s1)-c1ccc(s1)-c1sc(\\C=c2\\sc(=C(C#N)C#N)n(C)c2=O)cc1C,4,0,4,36,14,10,0,0,3,0.21739130434782608,0.2054794520547945
Cc1cc(sc1C=C(C#N)C#N)-c1sc(cc1C)-c1cc2n(C)c3cc(sc3c2s1)-c1cc(C)c(s1)-c1cc(C)c(C=C(C#N)C#N)s1,4,0,0,22,6,4,0,0,0,0.15151515151515152,0.13513513513513514
Cn1c(-c2ccc(s2)-c2ccc(s2)-c2ccc(F)s2)c2c(c(-c3ccc(s3)-c3ccc(s3)-c3ccc(F)s3)n(C)c2=O)c1=O,0,0,4,24,2,0,0,0,0,0.0625,0.0625
CN1C(=O)c2c(sc(-c3ccc(s3)-c3cc4c(-c5ccc(C)s5)c5sc(cc5c(-c5ccc(C)s5)c4s3)-c3ccc(s3)-c3sc(-c4ccc(s4)-c4ccc(s4)-c4n(C)c(=O)c5c(-c6ccc(s6)-c6ccccc6)n(C)c(=O)c45)c4C(=O)N(C)C(=O)c34)c2C1=O)-c1ccc(s1)-c1ccc(s1)-c1n(C)c(=O)c2c(-c3ccc(s3)-c3ccccc3)n(C)c(=O)c12,0,0,8,64,14,2,0,0,0,0.0851063829787234,0.0851063829787234
Cc1ccc(s1)-c1ccc(s1)-c1ccc(-c2cc3c(s2)-c2cc4c(cc2C3(c2ccc(C)cc2)c2ccc(C)cc2)-c2sc(cc2C4(c2ccc(C)cc2)c2ccc(C)cc2)-c2ccc(-c3ccc(s3)-c3ccc(C)s3)c3nsnc23)c2nsnc12,0,0,0,48,18,6,0,0,2,0.10810810810810811,0.10810810810810811
Cc1ccc(s1)-c1ccc(s1)-c1ccc(s1)-c1c(F)c(F)c(-c2ccc(s2)-c2ccc(cc2)N(c2ccc3c(c2)-c2ccccc2C3(C)C)c2ccc3-c4ccccc4C(C)(C)c3c2)c2nsnc12,0,0,0,41,11,5,0,0,2,0.11864406779661017,0.11864406779661017
Cc1ccc(s1)-c1c2cc(sc2c(-c2ccc(C)s2)c2cc(sc12)-c1c(F)c(F)c(-c2cc3n(C)c4cc(C)sc4c3s2)c2nsnc12)-c1c(F)c(F)c(-c2cc3n(C)c4cc(C)sc4c3s2)c2nsnc12,0,0,0,38,8,4,0,0,0,0.11538461538461539,0.11538461538461539
Cc1c(F)cc(cc1F)-c1c2cc(sc2c(-c2cc(F)c(C)c(F)c2)c2cc(sc12)-c1ccc(s1)-c1n(C)c(=O)c2c(-c3cccs3)n(C)c(=O)c12)-c1ccc(s1)-c1n(C)c(=O)c2c(-c3cccs3)n(C)c(=O)c12,0,0,6,32,12,2,0,0,0,0.10714285714285714,0.10714285714285714
Cc1ccc(s1)-c1ccc(s1)-c1c(F)c(F)c(-c2ccc(s2)-c2cc3c(s2)-c2cc4c(cc2C3(C)C)-c2sc(cc2C4(C)C)-c2ccc(s2)-c2c(F)c(F)c(-c3ccc(s3)-c3ccc(C)s3)c3nsnc23)c2nsnc12,0,0,0,40,10,6,0,0,2,0.13793103448275862,0.13793103448275862
Cn1c(-c2ccc(s2)-c2ccc3-c4ccccc4C(=O)c3c2)c2c(c(-c3ccc(s3)-c3ccc4-c5ccccc5C(=O)c4c3)n(C)c2=O)c1=O,0,0,2,26,12,0,0,0,0,0.047619047619047616,0.047619047619047616
Cc1ccc(s1)-c1ccc(s1)-c1c(F)c(F)c(-c2cc3sc4-c5cc6c(cc5C(c4c3s2)(c2ccc(C)cc2)c2ccc(C)cc2)-c2sc3cc(sc3c2C6(c2ccc(C)cc2)c2ccc(C)cc2)-c2c(F)c(F)c(-c3ccc(s3)-c3ccc(C)s3)c3nsnc23)c2nsnc12,0,0,0,52,18,6,0,0,2,0.10256410256410256,0.10256410256410256
COc1cc(ccc1N(c1ccc(cc1OC)-c1ccc(s1)-c1ccc(s1)C(C)=C(C#N)C#N)c1ccc(cc1OC)-c1ccc(s1)-c1ccc(s1)C(C)=C(C#N)C#N)-c1ccc(s1)-c1ccc(s1)C(C)=C(C#N)C#N,6,0,0,39,9,3,0,0,0,0.1111111111111111,0.1
CN1C(=S)S\\C(=C/c2ccc(s2)-c2ccc(s2)-c2cc3c(s2)-c2cc4c(cc2C3(c2ccc(C)cc2)c2ccc(C)cc2)-c2sc(cc2C4(c2ccc(C)cc2)c2ccc(C)cc2)-c2ccc(s2)-c2ccc(\\C=C3/SC(=S)N(C)C3=O)s2)C1=O,0,0,2,44,14,4,0,0,2,0.11428571428571428,0.11428571428571428
Cn1cc([C]2C(=O)[C](C2=O)c2c(O)cc(cc2O)N2[C@@H]3CCC[C@H]3c3c2ccc2ccccc32)c2ccccc12,0,0,1,19,6,0,4,3,0,0.23529411764705882,0.17647058823529413
COC(=O)C(=C\\c1ccc(s1)-c1ccc(s1)-c1ccc(s1)-c1cc2c(-c3ccc(C)s3)c3sc(cc3c(-c3ccc(C)s3)c2s1)-c1ccc(s1)-c1ccc(s1)-c1ccc(\\C=C(/C#N)C(=O)OC)s1)\\C#N,2,0,2,40,6,2,0,0,0,0.07692307692307693,0.07407407407407407
COc1c2cc(sc2c(OC)c2cc(sc12)-c1sc(C=C2C(=O)c3ccccc3C2=O)cc1C)-c1sc(C=C2C(=O)c3ccccc3C2=O)cc1C,0,0,0,28,10,2,0,0,0,0.09523809523809523,0.09523809523809523
Cc1cc(sc1-c1ccc(cc1)C(=C\\c1ccc(cc1)N(c1ccccc1)c1ccccc1)\\C#N)-c1cc(F)c(-c2cc(C)c(s2)-c2ccc(cc2)C(=C\\c2ccc(cc2)N(c2ccccc2)c2ccccc2)\\C#N)c2nsnc12,2,0,0,54,12,2,0,0,0,0.029411764705882353,0.02857142857142857
Cc1cc(sc1-c1cc(C)c(s1)-c1ccc(cc1)C(=C\\c1ccc(cc1)N(c1ccccc1)c1ccccc1)\\C#N)-c1ccc(-c2cc(C)c(s2)-c2cc(C)c(s2)-c2ccc(cc2)C(=C\\c2ccc(cc2)N(c2ccccc2)c2ccccc2)\\C#N)c2nsnc12,2,0,0,60,14,4,0,0,0,0.05128205128205128,0.05
COc1c2cc(\\C=C3/SC(=S)N(C)C3=O)sc2c(OC)c2cc(sc12)-c1cc2c(OC)c3sc(cc3c(OC)c2s1)-c1cc2c(OC)c3sc(\\C=C4/SC(=S)N(C)C4=O)cc3c(OC)c2s1,0,0,2,28,6,0,0,0,0,0.17391304347826086,0.17391304347826086
COc1c2cc(sc2c(OC)c2cc(sc12)-c1c(F)cc(-c2ccc(s2)-c2ccc(C)s2)c2nsnc12)-c1c(F)cc(-c2ccc(s2)-c2ccc(C)s2)c2nsnc12,0,0,0,32,6,2,0,0,0,0.09523809523809523,0.09523809523809523
COc1cc(-c2ccc(s2)-c2sc(cc2C)-c2sc(\\C=C(/C#N)C(C)=O)cc2C)c(OC)cc1-c1ccc(s1)-c1sc(cc1C)-c1sc(\\C=C(/C#N)C(C)=O)cc1C,2,0,0,28,8,6,0,0,0,0.18181818181818182,0.17391304347826086
COc1ccc(cc1)C1(c2cc(sc2-c2cc3c(cc12)-c1sc(cc1C3(c1ccc(OC)cc1)c1ccc(OC)cc1)-c1ccc(-c2ccc(s2)-c2ccc(C)s2)c2nsnc12)-c1ccc(-c2ccc(s2)-c2ccc(C)s2)c2nsnc12)c1ccc(OC)cc1,0,0,0,52,14,2,0,0,2,0.10810810810810811,0.10810810810810811
CN1C(=O)N(C)C(=O)C(=Cc2cc(C)c(s2)-c2cc(C)c(s2)-c2cc(C)c(s2)-c2ccc(s2)-c2sc(cc2C)-c2sc(cc2C)-c2sc(C=C3C(=O)N(C)C(=O)N(C)C3=O)cc2C)C1=O,0,0,4,24,8,6,0,0,0,0.20833333333333334,0.20833333333333334
Cc1ccc(cc1)-c1c2cc(sc2c(-c2ccc(C)cc2)c2cc(sc12)-c1ccc(s1)-c1n(C)c(=O)c2c(-c3cccs3)n(C)c(=O)c12)-c1ccc(s1)-c1n(C)c(=O)c2c(-c3cccs3)n(C)c(=O)c12,0,0,6,32,12,2,0,0,0,0.10714285714285714,0.10714285714285714
Cc1ccc(s1)-c1ccc(s1)-c1ccc(s1)-c1ccc(-c2ccc3c(c2)n(C)c2c4ccc(cc4n(C)c32)-c2ccc(-c3ccc(s3)-c3ccc(s3)-c3ccc(C)s3)c3nsnc23)c2nsnc12,0,0,0,42,8,2,0,0,0,0.07407407407407407,0.07407407407407407
CN1C(=S)S\\C(=C/c2cc(C)c(s2)-c2cc(C)c(s2)-c2ccc(s2)-c2sc(cc2C)-c2sc(\\C=C3/SC(=S)N(C)C3=O)cc2C)C1=O,0,0,2,20,4,4,0,0,0,0.17647058823529413,0.17647058823529413
Cc1cc(C=C2C(=O)c3ccccc3C2=O)sc1-c1cc(C)c(s1)-c1ccc(s1)-c1sc(cc1C)-c1sc(C=C2C(=O)c3ccccc3C2=O)cc1C,0,0,0,30,10,4,0,0,0,0.09090909090909091,0.09090909090909091
Cc1ccc(s1)-c1ccc(s1)-c1c(F)c(F)c(-c2ccc(s2)-c2cc3c(-c4ccc(C)s4)c4sc(cc4c(-c4ccc(C)s4)c3s2)-c2ccc(s2)-c2c(F)c(F)c(-c3ccc(s3)-c3ccc(C)s3)c3nsnc23)c2nsnc12,0,0,0,46,8,4,0,0,0,0.06896551724137931,0.06896551724137931
Cn1c(-c2cccs2)c2c(c(-c3ccc(s3)C#Cc3ccc(cc3)N(c3ccccc3)c3ccccc3)n(C)c2=O)c1=O,0,2,3,26,3,0,0,0,0,0.058823529411764705,0.05555555555555555
CC(=C(C#N)C#N)c1ccc(s1)-c1ccc(s1)-c1ccc(s1)-c1ccc(cc1)N(c1ccc(cc1)-c1ccc(s1)-c1ccc(s1)-c1ccc(s1)C(C)=C(C#N)C#N)c1ccc(cc1)-c1ccc(s1)-c1ccc(s1)-c1ccc(s1)C(C)=C(C#N)C#N,6,0,0,51,9,3,0,0,0,0.047619047619047616,0.043478260869565216
COC(=O)C(=C/c1ccc(s1)-c1ccc(-c2ccc(s2)-c2ccc3c(c2)n(C(C)C)c2cc(ccc32)-c2ccc(s2)-c2ccc(-c3ccc(\\C=C(/C#N)C(=O)OC)s3)c3nsnc23)c2nsnc12)\\C#N,2,0,2,34,10,2,1,0,0,0.09803921568627451,0.09433962264150944
Cc1ccc(s1)-c1c2cc(sc2c(-c2ccc(C)s2)c2cc(sc12)-c1c(F)cc(-c2ccc(cc2)N(c2ccc(C)cc2)c2ccc(C)cc2)c2nsnc12)-c1c(F)cc(-c2ccc(cc2)N(c2ccc(C)cc2)c2ccc(C)cc2)c2nsnc12,0,0,0,52,14,6,0,0,0,0.08333333333333333,0.08333333333333333
COc1ccc(s1)-c1c2cc(sc2c(-c2ccc(OC)s2)c2cc(sc12)-c1ccc(s1)-c1n(C)c(=O)c2c(-c3cccs3)n(C)c(=O)c12)-c1ccc(s1)-c1n(C)c(=O)c2c(-c3cccs3)n(C)c(=O)c12,0,0,8,30,8,0,0,0,0,0.11538461538461539,0.11538461538461539
Cc1csc(c1)-c1sc(cc1C)-c1sc(cc1C)-c1sc(cc1C)-c1c(F)c(F)c(-c2cc(C)c(s2)-c2cc(C)c(s2)-c2cc(C)c(s2)-c2cc(C)cs2)c2nsnc12,0,0,2,26,10,8,0,0,0,0.17391304347826086,0.17391304347826086
C[Se]c1ccc(cc1)-c1c2cc(sc2c(-c2ccc([Se]C)cc2)c2cc(sc12)-c1ccc(s1)-c1n(C)c(=O)c2c(-c3cccs3)n(C)c(=O)c12)-c1ccc(s1)-c1n(C)c(=O)c2c(-c3cccs3)n(C)c(=O)c12,0,0,6,34,10,0,0,0,0,0.10714285714285714,0.10714285714285714
Cc1ccc(s1)-c1ccc(s1)-c1ccc(s1)-c1cc(F)c(-c2ccc(s2)-c2ccc(cc2)N(c2ccc3c(c2)-c2ccccc2C3(C)C)c2ccc3-c4ccccc4C(C)(C)c3c2)c2nsnc12,0,0,0,41,11,5,0,0,2,0.11864406779661017,0.11864406779661017
Cn1c(-c2ccc(s2)-c2cc3ccc4cccc5ccc(c2)c3c45)c2c(c(-c3ccc(s3)-c3cc4ccc5cccc6ccc(c3)c4c56)n(C)c2=O)c1=O,0,0,2,28,16,0,0,0,0,0.041666666666666664,0.041666666666666664
C[Si]1(C)c2cc(sc2-c2sc(cc12)-c1ccc(C#N)c2nsnc12)-c1ccc(C#N)c2nsnc12,2,0,0,16,4,0,0,0,0,0.09090909090909091,0.08333333333333333
COc1ccc(cc1)-c1c2cc(sc2c(-c2ccc(OC)cc2)c2cc(sc12)-c1ccc(s1)-c1n(C)c(=O)c2c(-c3cccs3)n(C)c(=O)c12)-c1ccc(s1)-c1n(C)c(=O)c2c(-c3cccs3)n(C)c(=O)c12,0,0,6,34,10,0,0,0,0,0.10714285714285714,0.10714285714285714
Cc1ccc(s1)-c1ccc(s1)-c1ccc(s1)-c1ccc(-c2ccc(s2)-c2ccc(cc2)N(c2ccc3c(c2)-c2ccccc2C3(C)C)c2ccc3-c4ccccc4C(C)(C)c3c2)c2nsnc12,0,0,0,41,11,5,0,0,2,0.11864406779661017,0.11864406779661017
Cc1cc(sc1-c1ccc(cc1)C(=C/c1ccc(cc1)N(c1ccccc1)c1ccccc1)\\C#N)-c1ccc(-c2cc(C)c(s2)-c2ccc(cc2)C(=C\\c2ccc(cc2)N(c2ccccc2)c2ccccc2)\\C#N)c2nsnc12,2,0,0,54,12,2,0,0,0,0.029411764705882353,0.02857142857142857
Cc1ccc(s1)-c1c2cc(sc2c(-c2ccc(C)s2)c2cc(sc12)-c1ccc(-c2ccc(cc2)N(c2ccc(C)cc2)c2ccc(C)cc2)c2nsnc12)-c1ccc(-c2ccc(cc2)N(c2ccc(C)cc2)c2ccc(C)cc2)c2nsnc12,0,0,0,52,14,6,0,0,0,0.08333333333333333,0.08333333333333333
Cc1ccc(s1)-c1c2cc(sc2c(-c2ccc(C)s2)c2cc(sc12)-c1ccc(-c2ccc(s2)-c2cccs2)c2nsnc12)-c1ccc(-c2ccc(s2)-c2cccs2)c2nsnc12,0,0,2,36,8,2,0,0,0,0.041666666666666664,0.041666666666666664
Cc1ccc(s1)-c1ccc(cc1)-c1n(C)c(=O)c2c(-c3ccc(cc3)-c3ccc(C)s3)n(C)c(=O)c12,0,0,2,18,6,2,0,0,0,0.13333333333333333,0.13333333333333333
Cc1c(C)c(sc1-c1ccc(C=C(C#N)C#N)s1)-c1ccc(s1)-c1sc(c(C)c1C)-c1ccc(C=C(C#N)C#N)s1,4,0,0,18,6,4,0,0,0,0.14285714285714285,0.125
COc1c(OC)c(-c2ccc(s2)-c2ccc(\\C=C/c3ccc(cc3)N(c3ccccc3)c3ccccc3)cc2)c2nsnc2c1-c1ccc(s1)-c1ccc(\\C=C\\c2ccc(cc2)N(c2ccccc2)c2ccccc2)cc1,0,0,0,58,8,0,0,0,0,0.029411764705882353,0.029411764705882353
COC(=O)C(=C\\c1cc(C)c(s1)-c1cc(C)c(s1)-c1cc(C)c(s1)-c1cc2c(OC)c3sc(cc3c(OC)c2s1)-c1sc(cc1C)-c1sc(cc1C)-c1sc(\\C=C(/C#N)C(=O)OC)cc1C)\\C#N,2,0,2,28,10,6,0,0,0,0.2,0.19230769230769232
CN1C(=S)S\\C(=C\\c2cc(C)c(s2)-c2ccc(s2)-c2sc(cc2C)-c2cc3c(s2)-c2sc(cc2C32c3cc(ccc3-c3ccc(cc23)C(C)(C)C)C(C)(C)C)-c2cc(C)c(s2)-c2ccc(s2)-c2sc(\\C=C3\\SC(=S)N(C)C3=O)cc2C)C1=O,0,0,2,36,12,10,0,0,3,0.22388059701492538,0.22388059701492538
COC(=O)C(=C\\c1cc(C)c(s1)-c1cc(C)c(s1)-c1ccc(s1)-c1sc(cc1C)-c1sc(\\C=C(/C#N)C(=O)OC)cc1C)\\C#N,2,0,2,18,6,4,0,0,0,0.1875,0.17647058823529413
CN1C(=S)S\\C(=C\\c2ccc3n(C)c4ccc(cc4c3c2)-c2ccc(s2)-c2ccc(-c3ccc(s3)-c3ccc4n(C)c5ccc(\\C=C6/SC(=S)N(C)C6=O)cc5c4c3)c3nsnc23)C1=O,0,0,2,32,10,0,0,0,0,0.08,0.08
CN1C(=O)\\C(=C2\\C(=O)N(C)c3cc(ccc23)-c2sc(c3OCCOc23)-c2ccc(-c3cccs3)c3nsnc23)c2ccc(cc12)-c1sc(c2OCCOc12)-c1ccc(-c2cccs2)c2nsnc12,0,0,4,30,10,4,0,0,0,0.12,0.12
Cc1cc(C=C(C#N)C#N)sc1-c1cc(C)c(s1)-c1cc2n(C)c3cc(sc3c2s1)-c1sc(cc1C)-c1sc(C=C(C#N)C#N)cc1C,4,0,0,22,6,4,0,0,0,0.15151515151515152,0.13513513513513514
CN1c2ccccc2Oc2cc(\\C=C(/C#N)c3ccc(cc3)-c3ccc(o3)-c3n(C)c(=O)c4c(-c5ccc(o5)-c5ccc(cc5)C(=C\\c5ccc6N(C)c7ccccc7Oc6c5)\\C#N)n(C)c(=O)c34)ccc12,2,0,2,42,10,0,0,0,0,0.06896551724137931,0.06666666666666667
Cc1ccc(s1)-c1c2cc(sc2c(-c2ccc(C)s2)c2cc(sc12)-c1ccc(-c2cc3n(C)c4cc(C)sc4c3s2)c2nsnc12)-c1ccc(-c2cc3n(C)c4cc(C)sc4c3s2)c2nsnc12,0,0,0,38,8,4,0,0,0,0.11538461538461539,0.11538461538461539
COC(=O)C(=C\\c1cc(C)c(s1)-c1cc(C)c(s1)-c1cc(C)c(s1)-c1cc2c(OC)c3sc(cc3c(OC)c2s1)-c1sc(cc1C)-c1sc(cc1C)-c1sc(\\C=C(/C#N)C(=O)OC)cc1C)\\C#N,2,0,2,28,10,6,0,0,0,0.2,0.19230769230769232
Cc1ccc(s1)-c1c2cc(sc2c(-c2ccc(C)s2)c2cc(sc12)-c1ccc(s1)-c1n(C)c(=O)c2c(-c3ccc(s3)-c3ccc(C)cc3)n(C)c(=O)c12)-c1ccc(s1)-c1n(C)c(=O)c2c(-c3ccc(s3)-c3ccc(C)cc3)n(C)c(=O)c12,0,0,4,42,12,4,0,0,0,0.12121212121212122,0.12121212121212122
COC(=O)C(=C\\c1cc(C)c(s1)-c1cc(C)c(s1)-c1ccc(s1)-c1sc(cc1C)-c1sc(cc1C)-c1ccc(-c2cc(C)c(s2)-c2cc(C)c(s2)-c2ccc(s2)-c2sc(cc2C)-c2sc(\\C=C(/C#N)C(=O)OC)cc2C)c2nsnc12)\\C#N,2,0,2,38,12,8,0,0,0,0.16129032258064516,0.15625
CC(C)c1cc(C(C)C)c(-c2ccc(s2)-c2n(C)c(=O)c3c(-c4ccc(s4)-c4c(cc(cc4C(C)C)C(C)C)C(C)C)n(C)c(=O)c23)c(c1)C(C)C,0,0,2,14,10,12,0,6,0,0.43478260869565216,0.43478260869565216
c1ccc2cc3cc4cc5ccccc5cc4cc3cc2c1,0,0,0,14,8,0,0,0,0,0,0
CC1(C)\\C(=C/C=C2\\C(=O)c3ccccc3C2=C(C#N)C#N)N2CCCc3cccc1c23,2,0,0,12,7,3,2,0,1,0.24,0.2222222222222222
c1ccc2cc3cc4ccccc4cc3cc2c1,0,0,0,12,6,0,0,0,0,0,0
CN1C(=O)\\C(=C2\\C(=O)N(C)c3cc(ccc23)-c2ccc(s2)-c2ccc(C)s2)c2ccc(cc12)-c1ccc(s1)-c1ccc(C)s1,0,0,2,24,6,2,0,0,0,0.1111111111111111,0.1111111111111111
CC(C)(C)c1nc(sc1\\C=C\\[C]1N(Cc2ccccc2)c2ccccc2C1(C)C)[C](C#N)C#N,2,0,1,14,2,6,1,1,2,0.37037037037037035,0.27586206896551724
CN1\\C(=C\\C=C2/C(=O)c3ccccc3C2=C(C#N)C#N)C(C)(C)c2ccccc12,2,0,0,13,6,2,0,0,1,0.17391304347826086,0.16
CCc1cc2cc3c(C#C[Si](CC)(CC)CC)c4cc5sc(CC)cc5cc4c(C#C[Si](CC)(CC)CC)c3cc2s1,2,2,0,10,8,14,2,0,0,0.47058823529411764,0.42105263157894735
C[Si](C)(C)C#Cc1c2cc3ccccc3cc2c(C#C[Si](C)(C)C)c2cc3ccccc3cc12,2,2,0,12,10,0,0,0,0,0.21428571428571427,0.1875
